0,0,0.0,0.0
1,0,0.0,0.0
2,0,0.0,0.0
3,0,0.0,0.0
4,0,0.0,0.0
5,0,0.0,0.0
6,0,0.0,0.0
0,40,-7.988551,-7.9942756
1,40,-3.9910297,-7.990869
2,40,-1.9900049,-7.992004
3,40,0.009050966,-7.990949
4,40,2.00768,-7.98976
5,40,4.0057244,-7.988551
6,40,8.0,-7.9872
0,80,-7.4503794,-7.725186
1,80,-3.525125,-7.6103535
2,80,-1.5201595,-7.616128
3,80,0.43451306,-7.5654855
4,80,2.368696,-7.508402
5,80,4.274814,-7.4503794
6,80,8.0,-7.3855047
0,120,-7.003897,-7.501942
1,120,-3.1350799,-7.2987127
2,120,-1.1303626,-7.304291
3,120,0.7874887,-7.212509
4,120,2.6682043,-7.1090546
5,120,4.498058,-7.003897
6,120,8.0,-6.886321
0,160,-6.7424703,-7.3712344
1,160,-2.9016266,-7.125402
2,160,-0.90212876,-7.1217036
3,160,0.99416363,-7.005835
4,160,2.843572,-6.8752275
5,160,4.6287656,-6.7424703
6,160,8.0,-6.5940394
0,200,-6.45508,-7.22756
1,200,-2.639317,-6.957515
2,200,-0.65233237,-6.9218655
3,200,1.2203658,-6.779635
4,200,3.0355046,-6.619307
5,200,4.77244,-6.45508
6,200,8.0,-6.269515
0,240,-6.192512,-7.0972066
1,240,-2.449764,-6.8539143
2,240,-0.43121874,-6.728007
3,240,1.426667,-6.573338
4,240,3.210622,-6.3857956
5,240,4.902794,-6.1925116
6,240,8.0,-5.9699755
0,280,-5.975254,-6.9983416
1,280,-2.3024464,-6.7607784
2,280,-0.25618532,-6.552428
3,280,1.6031926,-6.396822
4,280,3.3610492,-6.1851864
5,280,5.00166,-5.975267
6,280,8.0,-5.71835
0,320,-5.838456,-6.9467154
1,320,-2.1775331,-6.6670513
2,320,-0.099964246,-6.3712983
3,320,1.7750313,-6.225122
4,320,3.48808,-6.018708
5,320,5.0513587,-5.8446035
6,320,8.0,-5.4779677
0,360,-5.745596,-6.9150867
1,360,-2.0716746,-6.573917
2,360,0.025340449,-6.209463
3,360,1.8509561,-6.104979
4,360,3.5613713,-5.925778
5,360,5.0722,-5.792533
6,360,8.0,-5.2483273
0,400,-5.6536117,-6.8723774
1,400,-2.0121388,-6.4980164
2,400,0.12023949,-6.073385
3,400,1.8977964,-5.95914
4,400,3.6244724,-5.853309
5,400,5.0879884,-5.7612963
6,400,8.0,-5.058036
0,440,-5.619058,-6.832463
1,440,-1.9749442,-6.4114695
2,440,0.17839515,-5.975086
3,440,1.921799,-5.8338337
4,440,3.6840208,-5.7892838
5,440,5.103777,-5.7300596
6,440,8.0,-4.891823
0,480,-5.606475,-6.785553
1,480,-1.9465808,-6.3083944
2,480,0.22331546,-5.8921676
3,480,1.9390411,-5.736341
4,480,3.7224865,-5.7460947
5,480,5.1253395,-5.6873994
6,480,8.0,-4.7410674
0,520,-5.6081357,-6.73244
1,520,-1.925624,-6.2107124
2,520,0.26075646,-5.8185177
3,520,1.9576592,-5.6512938
4,520,3.753467,-5.7098575
5,520,5.152676,-5.6333156
6,520,8.0,-4.602028
0,560,-5.6168385,-6.677609
1,560,-1.9077654,-6.1163926
2,560,0.29196596,-5.7522483
3,560,1.9770095,-5.5761156
4,560,3.7808783,-5.6767683
5,560,5.1857867,-5.5678077
6,560,8.0,-4.472288
0,600,-5.629483,-6.6236777
1,600,-1.8830302,-6.035151
2,600,0.31948996,-5.6901736
3,600,1.997304,-5.5068283
4,600,3.8061967,-5.6454296
5,600,5.2246714,-5.490876
6,600,8.0,-4.3506083
0,640,-5.64516,-6.571533
1,640,-1.8534659,-5.964744
2,640,0.34722996,-5.6281953
3,640,2.0179214,-5.4417806
4,640,3.8290682,-5.6159277
5,640,5.26933,-5.402521
6,640,8.0,-4.236091
0,680,-5.662464,-6.521476
1,680,-1.8208929,-5.902633
2,680,0.37518698,-5.5663147
3,680,2.0393023,-5.3773317
4,680,3.8499367,-5.5878296
5,680,5.3197627,-5.3027425
6,680,8.0,-4.1281376
0,720,-5.6804004,-6.473388
1,720,-1.7873133,-5.843614
2,720,0.403362,-5.504533
3,720,2.0723956,-5.307719
4,720,3.8708053,-5.5597315
5,720,5.3759694,-5.1915402
6,720,8.0,-4.026363
0,760,-5.700043,-6.426335
1,760,-1.7535615,-5.7846937
2,760,0.43175608,-5.4428515
3,760,2.1172583,-5.233075
4,760,3.8957567,-5.519502
5,760,5.43795,-5.068914
6,760,8.0,-3.9302962
0,800,-5.717959,-6.380303
1,800,-1.7196369,-5.7258725
2,800,0.4603702,-5.381272
3,800,2.1739771,-5.1536064
4,800,3.924804,-5.4671454
5,800,5.5011034,-4.9439673
6,800,8.0,-3.8394523
0,840,-5.7360325,-6.3346925
1,840,-1.6855389,-5.6671515
2,840,0.48920545,-5.3197956
3,840,2.233986,-5.073057
4,840,3.9660883,-5.4110346
5,840,5.5642567,-4.8190207
6,840,8.0,-3.7536743
0,880,-5.753994,-6.289687
1,880,-1.6512668,-5.608532
2,880,0.5182628,-5.258424
3,880,2.2942102,-4.992669
4,880,4.0196104,-5.3511715
5,880,5.62741,-4.694074
6,880,8.0,-3.6727817
0,920,-5.771545,-6.245264
1,920,-1.6168201,-5.550015
2,920,0.5475434,-5.1971583
3,920,2.3546524,-4.912445
4,920,4.085354,-5.2875037
5,920,5.690563,-4.5691276
6,920,8.0,-3.5963502
0,960,-5.785489,-6.2010922
1,960,-1.5821981,-5.4916015
2,960,0.57704824,-5.1360006
3,960,2.415315,-4.8323874
4,960,4.1603885,-5.2207284
5,960,5.7537165,-4.444181
6,960,8.0,-3.5238936
0,1000,-5.8002195,-6.1566405
1,1000,-1.5474002,-5.4332924
2,1000,0.6067784,-5.074952
3,1000,2.4762,-4.752499
4,1000,4.235211,-5.153715
5,1000,5.8168697,-4.3192344
6,1000,8.0,-3.4549747
0,1040,-5.8124866,-6.1123714
1,1040,-1.5124258,-5.375089
2,1040,0.63673496,-5.0140142
3,1040,2.5373106,-4.672783
4,1040,4.309817,-5.086461
5,1040,5.880023,-4.194288
6,1040,8.0,-3.3892353
0,1080,-5.823616,-6.068124
1,1080,-1.4772742,-5.3169928
2,1080,0.676824,-4.960898
3,1080,2.598649,-4.5932417
4,1080,4.3842025,-5.018963
5,1080,5.9431763,-4.069341
6,1080,8.0,-3.326388
0,1120,-5.8335285,-6.0239444
1,1120,-1.4419448,-5.2590046
2,1120,0.72922605,-4.9112782
3,1120,2.660218,-4.513879
4,1120,4.458363,-4.9512177
5,1120,6.0063295,-3.9443946
6,1120,8.0,-3.2573054
0,1160,-5.841709,-5.979987
1,1160,-1.406437,-5.201125
2,1160,0.79393244,-4.865186
3,1160,2.7220201,-4.4346976
4,1160,4.5322943,-4.8832226
5,1160,6.069483,-3.819448
6,1160,8.0,-3.1925209
0,1200,-5.8493795,-5.936023
1,1200,-1.3707502,-5.1433563
2,1200,0.8709409,-4.8226295
3,1200,2.7840583,-4.355701
4,1200,4.6059914,-4.814974
5,1200,6.132636,-3.6945014
6,1200,8.0,-3.1315658
0,1240,-5.85499,-5.892481
1,1240,-1.325728,-5.0943446
2,1240,0.96026677,-4.7835546
3,1240,2.8463354,-4.2768927
4,1240,4.67945,-4.746468
5,1240,6.1957893,-3.5695548
6,1240,8.0,-3.073873
0,1280,-5.8595285,-5.8491664
1,1280,-1.2693272,-5.0394707
2,1280,1.0531476,-4.745314
3,1280,2.9088542,-4.198276
4,1280,4.7526646,-4.677702
5,1280,6.248709,-3.452297
6,1280,8.0,-3.0190492
0,1320,-5.8632097,-5.806061
1,1320,-1.2014972,-4.9788337
2,1320,1.1459345,-4.706846
3,1320,2.971618,-4.119855
4,1320,4.82563,-4.6086717
5,1320,6.2888665,-3.336016
6,1320,8.0,-2.9668128
0,1360,-5.866773,-5.762945
1,1360,-1.1248184,-4.913953
2,1360,1.238626,-4.668149
3,1360,3.0346293,-4.0416327
4,1360,4.8983417,-4.5393734
5,1360,6.3162603,-3.2207026
6,1360,8.0,-2.9169536
0,1400,-5.8702183,-5.71982
1,1400,-1.0480111,-4.849224
2,1400,1.3312203,-4.62922
3,1400,3.0978918,-3.9636133
4,1400,4.9707932,-4.469804
5,1400,6.343602,-3.1181893
6,1400,8.0,-2.8693035
0,1440,-5.873545,-5.676686
1,1440,-0.9710741,-4.7846494
2,1440,1.4237156,-4.5900564
3,1440,3.1614087,-3.8858006
4,1440,5.0429792,-4.3999586
5,1440,6.3715563,-3.0217125
6,1440,8.0,-2.8237252
0,1480,-5.876754,-5.6335425
1,1480,-0.89400667,-4.7202306
2,1480,1.5161102,-4.550656
3,1480,3.225183,-3.808199
4,1480,5.114894,-4.329834
5,1480,6.400088,-2.925405
6,1480,8.0,-2.7801013
0,1520,-5.8798437,-5.5903907
1,1520,-0.81680775,-4.655969
2,1520,1.6084021,-4.5110154
3,1520,3.2892184,-3.7308125
4,1520,5.1865306,-4.2594256
5,1520,6.429213,-2.8292754
6,1520,8.0,-2.7347677
0,1560,-5.873112,-5.53903
1,1560,-0.73947644,-4.5918674
2,1560,1.7005895,-4.4711323
3,1560,3.3535185,-3.653646
4,1560,5.257883,-4.188729
5,1560,6.458949,-2.7333329
6,1560,8.0,-2.6916554
0,1600,-5.8565216,-5.4795065
1,1600,-0.6620117,-4.527927
2,1600,1.7926704,-4.4310036
3,1600,3.4180868,-3.5767035
4,1600,5.328944,-4.1177397
5,1600,6.4893136,-2.6375873
6,1600,8.0,-2.650821
0,1640,-5.830021,-5.411882
1,1640,-0.5844125,-4.4641495
2,1640,1.8846426,-4.390627
3,1640,3.4829268,-3.4999902
4,1640,5.3880086,-4.051213
5,1640,6.520325,-2.5420496
6,1640,8.0,-2.6120667
0,1680,-5.79354,-5.336242
1,1680,-0.5066779,-4.400537
2,1680,1.9765042,-4.349999
3,1680,3.5480428,-3.4235108
4,1680,5.4350452,-3.9890654
5,1680,6.5520043,-2.446731
6,1680,8.0,-2.5752106
0,1720,-5.746975,-5.252719
1,1720,-0.42880687,-4.337092
2,1720,2.068253,-4.309117
3,1720,3.6134384,-3.3472703
4,1720,5.472904,-3.9301867
5,1720,6.5843725,-2.3516443
6,1720,8.0,-2.537858
0,1760,-5.6901445,-5.16155
1,1760,-0.3507983,-4.273816
2,1760,2.1598868,-4.267977
3,1760,3.6791177,-3.271274
4,1760,5.5038404,-3.8820744
5,1760,6.617452,-2.2568028
6,1760,8.0,-2.5019894
0,1800,-5.627891,-5.0669303
1,1800,-0.27265117,-4.2107115
2,1800,2.251403,-4.2265773
3,1800,3.745085,-3.1955278
4,1800,5.527854,-3.8447285
5,1800,6.651268,-2.1622212
6,1800,8.0,-2.4669893
0,1840,-5.565205,-4.9725966
1,1840,-0.19436437,-4.14778
2,1840,2.3427997,-4.1849136
3,1840,3.8113446,-3.120037
4,1840,5.5467834,-3.815289
5,1840,6.6858463,-2.0679157
6,1840,8.0,-2.4319892
0,1880,-5.4963727,-4.8894906
1,1880,-0.11593681,-4.085024
2,1880,2.434074,-4.142983
3,1880,3.877901,-3.0448081
4,1880,5.565713,-3.7858496
5,1880,6.7212152,-1.9739039
6,1880,8.0,-2.396989
0,1920,-5.416392,-4.812673
1,1920,-0.03736735,-4.0224457
2,1920,2.5252235,-4.100782
3,1920,3.9447591,-2.969847
4,1920,5.5846424,-3.7564101
5,1920,6.7574053,-1.880205
6,1920,8.003956,-2.3498156
0,1960,-5.3252926,-4.742198
1,1960,0.04134514,-3.9600475
2,1960,2.6162457,-4.058307
3,1960,4.0119233,-2.89516
4,1960,5.6104946,-3.7162044
5,1960,6.794449,-1.7868404
6,1960,8.011828,-2.2904563
0,2000,-5.223106,-4.678119
1,2000,0.120201826,-3.8978317
2,2000,2.707138,-4.015555
3,2000,4.0793986,-2.820754
4,2000,5.6432695,-3.6652322
5,2000,6.832382,-1.6938337
6,2000,8.032501,-2.231099
0,2040,-5.1098638,-4.6204906
1,2040,0.1992039,-3.8358006
2,2040,2.7903097,-3.962593
3,2040,4.1595144,-2.7443337
4,2040,5.6811285,-3.6063535
5,2040,6.8712435,-1.601211
6,2040,8.064922,-2.1714358
0,2080,-4.9855976,-4.5693674
1,2080,0.27835253,-3.7739568
2,2080,2.881016,-3.9194474
3,2080,4.2275453,-2.6704352
4,2080,5.7120647,-3.5582411
5,2080,6.921454,-1.5026686
6,2080,8.096426,-2.111283
0,2120,-4.853535,-4.5228972
1,2120,0.35764897,-3.7123024
2,2120,2.963957,-3.8661263
3,2120,4.295904,-2.5968401
4,2120,5.7499237,-3.4993625
5,2120,6.983188,-1.3985546
6,2120,8.126978,-2.0506415
0,2160,-4.7214727,-4.476427
1,2160,0.43709448,-3.6508403
2,2160,3.0544698,-3.822576
3,2160,4.3645973,-2.5235567
4,2160,5.7877827,-3.4404838
5,2160,7.0566254,-1.2892568
6,2160,8.156544,-1.989513
0,2200,-4.5894103,-4.429957
1,2200,0.5166903,-3.589573
2,2200,3.1371715,-3.7688856
3,2200,4.4336305,-2.4505935
4,2200,5.8256416,-3.3816051
5,2200,7.1392975,-1.1762732
6,2200,8.185085,-1.9279
0,2240,-4.457348,-4.3834867
1,2240,0.59643775,-3.528503
2,2240,3.2274826,-3.7249188
3,2240,4.5030093,-2.3779593
4,2240,5.8635006,-3.3227265
5,2240,7.2219696,-1.0632896
6,2240,8.212564,-1.8658054
0,2280,-4.3252854,-4.3370166
1,2280,0.67633814,-3.4676332
2,2280,3.3099353,-3.6708484
3,2280,4.572741,-2.3056633
4,2280,5.9013596,-3.2638478
5,2280,7.3046417,-0.95030606
6,2280,8.238938,-1.8032335
0,2320,-4.193223,-4.2905464
1,2320,0.75639284,-3.4069667
2,2320,3.400036,-3.6264522
3,2320,4.642832,-2.2337158
4,2320,5.9392185,-3.204969
5,2320,7.3865404,-0.83837974
6,2320,8.264163,-1.7401894
0,2360,-4.0611606,-4.2440763
1,2360,0.83660316,-3.346506
2,2360,3.48223,-3.5719903
3,2360,4.713289,-2.1621265
4,2360,5.9770775,-3.14609
5,2360,7.4636617,-0.7329825
6,2360,8.288191,-1.6766796
0,2400,-3.929098,-4.197606
1,2400,0.91697055,-3.2862544
2,2400,3.5721111,-3.5271513
3,2400,4.784119,-2.0909069
4,2400,6.0149364,-3.0872111
5,2400,7.5362844,-0.63373345
6,2400,8.310971,-1.6127118
0,2440,-3.7970352,-4.151136
1,2440,0.99749637,-3.2262146
2,2440,3.6540356,-3.472286
3,2440,4.8553305,-2.020068
4,2440,6.0527954,-3.0283322
5,2440,7.6046705,-0.5402739
6,2440,8.33245,-1.5482955
0,2480,-3.6649725,-4.1046658
1,2480,1.0781821,-3.16639
2,2480,3.7436872,-3.4269896
3,2480,4.9181547,-1.9395599
4,2480,6.0906544,-2.9694536
5,2480,7.6690674,-0.45226616
6,2480,8.352571,-1.483442
0,2520,-3.5329099,-4.0581956
1,2520,1.1590292,-3.1067836
2,2520,3.8253303,-3.3717082
3,2520,4.9727383,-1.8492573
4,2520,6.1285133,-2.910575
5,2520,7.720685,-0.36497957
6,2520,8.37127,-1.4181646
0,2560,-3.4008472,-4.0117254
1,2560,1.2400393,-3.0473988
2,2560,3.9147413,-3.325939
3,2560,5.0194683,-1.748847
4,2560,6.1663723,-2.851696
5,2560,7.759581,-0.2791098
6,2560,8.388483,-1.3524795
0,2600,-3.2687845,-3.9652553
1,2600,1.3212138,-2.988239
2,2600,3.9960904,-3.2702274
3,2600,5.0648084,-1.6450555
4,2600,6.2042313,-2.792817
5,2600,7.7858367,-0.19525409
6,2600,8.404137,-1.2864054
0,2640,-3.1367218,-3.918785
1,2640,1.4025544,-2.9293077
2,2640,4.0852494,-3.2239685
3,2640,5.112193,-1.5421815
4,2640,6.24209,-2.7339382
5,2640,7.7995505,-0.11395659
6,2640,8.418155,-1.2199652
0,2680,-3.0046592,-3.872315
1,2680,1.4840626,-2.8706083
2,2680,4.166291,-3.1678126
3,2680,5.1616597,-1.4402922
4,2680,6.279949,-2.6750593
5,2680,7.801289,-0.037179448
6,2680,8.430453,-1.1531852
0,2720,-2.8725965,-3.8258448
1,2720,1.56574,-2.8121448
2,2720,4.2392044,-3.1017692
3,2720,5.213247,-1.33946
4,2720,6.317808,-2.6161804
5,2720,7.7932034,0.03139274
6,2720,8.440942,-1.0860971
0,2760,-2.7405338,-3.7793746
1,2760,1.6475883,-2.7539208
2,2760,4.3040004,-3.0258286
3,2760,5.266993,-1.2397618
4,2760,6.355667,-2.5573015
5,2760,7.774708,0.092516854
6,2760,8.45013,-1.0202411
0,2800,-2.6084712,-3.7329044
1,2800,1.7296093,-2.6959403
2,2800,4.364714,-2.9620197
3,2800,5.3229375,-1.1412805
4,2800,6.3866034,-2.5091891
5,2800,7.7510934,0.14669326
6,2800,8.4586935,-0.9571858
0,2840,-2.4764085,-3.6864343
1,2840,1.8118047,-2.6382072
2,2840,4.427649,-2.8856049
3,2840,5.38112,-1.0441048
4,2840,6.4244623,-2.4503102
5,2840,7.7377152,0.20233668
6,2840,8.466629,-0.89671844
0,2880,-2.3443458,-3.639964
1,2880,1.8941761,-2.5807257
2,2880,4.4873457,-2.8215735
3,2880,5.4415812,-0.94833004
4,2880,6.4553986,-2.4021978
5,2880,7.7333074,0.25770223
6,2880,8.473929,-0.8386384
0,2920,-2.2122831,-3.593494
1,2920,1.9767257,-2.5235002
2,2920,4.5507174,-2.7452812
3,2920,5.504361,-0.85405904
4,2920,6.4932575,-2.343319
5,2920,7.7367306,0.31160992
6,2920,8.480584,-0.782757
0,2960,-2.0802205,-3.5470238
1,2960,2.0594552,-2.466535
2,2960,4.610833,-2.6813679
3,2960,5.5695004,-0.76140255
4,2960,6.524194,-2.2952065
5,2960,7.746969,0.36324528
6,2960,8.486576,-0.72889686
0,3000,-1.9481579,-3.5005536
1,3000,2.1423664,-2.4098349
2,3000,4.667788,-2.6298583
3,3000,5.6370397,-0.6704804
4,3000,6.5620527,-2.2363276
5,3000,7.7631216,0.4120421
6,3000,8.491882,-0.67689204
0,3040,-1.8160954,-3.4540834
1,3040,2.2301667,-2.364964
2,3040,4.728338,-2.5660636
3,3040,5.7070184,-0.58142215
4,3040,6.5999117,-2.1774487
5,3040,7.784385,0.4576092
6,3040,8.506024,-0.6341484
0,3080,-1.6840328,-3.4076133
1,3080,2.3133347,-2.3086412
2,3080,4.785601,-2.51464
3,3080,5.7794757,-0.49436864
4,3080,6.6501493,-2.121827
5,3080,7.810045,0.499682
6,3080,8.529118,-0.60055506
0,3120,-1.5519702,-3.361143
1,3120,2.4013374,-2.2641702
2,3120,4.8464932,-2.4509416
3,3120,5.845977,-0.41864505
4,3120,6.705225,-2.0780554
5,3120,7.839462,0.53808963
6,3120,8.5614195,-0.5758514
0,3160,-1.4199077,-3.314673
1,3160,2.4847689,-2.2082384
2,3160,4.9112773,-2.375049
3,3160,5.907085,-0.35452968
4,3160,6.764775,-2.0454264
5,3160,7.8720636,0.5727317
6,3160,8.597664,-0.55408686
0,3200,-1.2878451,-3.2682028
1,3200,2.5683935,-2.1525958
2,3200,4.976675,-2.2988107
3,3200,5.9779634,-0.29868308
4,3200,6.823864,-2.011971
5,3200,7.9073358,0.6035612
6,3200,8.632303,-0.5300937
0,3240,-1.1557826,-3.2217326
1,3240,2.6522136,-2.0972478
2,3240,5.0424848,-2.2229276
3,3240,6.0363083,-0.24543312
4,3240,6.8824697,-1.9776751
5,3240,7.9448156,0.6305726
6,3240,8.665251,-0.50402397
0,3280,-1.02372,-3.1752625
1,3280,2.7362313,-2.0422006
2,3280,5.104715,-2.1593337
3,3280,6.082138,-0.19486785
4,3280,6.9405665,-1.9425241
5,3280,7.984086,0.65379184
6,3280,8.69643,-0.4760265
0,3320,-0.8916575,-3.1287923
1,3320,2.8249006,-1.9990782
2,3320,5.1634784,-2.1080616
3,3320,6.136228,-0.15408032
4,3320,6.998128,-1.9065031
5,3320,8.024769,0.6732696
6,3320,8.725777,-0.44624704
0,3360,-0.7595949,-3.0823221
1,3360,2.9091985,-1.9444609
2,3360,5.217099,-2.045068
3,3360,6.1775236,-0.1129106
4,3360,7.0551257,-1.8695967
5,3360,8.05439,0.68630767
6,3360,8.743801,-0.42243856
0,3400,-0.62753236,-3.035852
1,3400,2.9980862,-1.9017924
2,3400,5.2723618,-1.9947686
3,3400,6.2060227,-0.07143744
4,3400,7.11153,-1.8317893
5,3400,8.073062,0.692716
6,3400,8.750521,-0.40463352
0,3440,-0.49546978,-2.9893818
1,3440,3.0915506,-1.8710778
2,3440,5.3190026,-1.9539298
3,3440,6.2217226,-0.029833708
4,3440,7.1673083,-1.7930647
5,3440,8.080872,0.6923522
6,3440,8.746019,-0.39298853
0,3480,-0.3634072,-2.9429116
1,3480,3.1732528,-1.8353143
2,3480,5.363434,-1.9256989
3,3480,6.2343993,0.011529721
4,3480,7.2137685,-1.7455646
5,3480,8.077003,0.6972261
6,3480,8.751987,-0.3739792
0,3520,-0.23134461,-2.8964415
1,3520,3.2431908,-1.7945064
2,3520,5.4056606,-1.9100766
3,3520,6.2480364,0.052586507
4,3520,7.2508163,-1.6893898
5,3520,8.061384,0.70717895
6,3520,8.7681875,-0.34727842
0,3560,-0.10822915,-2.859125
1,3560,3.3013556,-1.7486752
2,3560,5.4601755,-1.8980371
3,3560,6.262634,0.09331186
4,3560,7.2973976,-1.6417563
5,3560,8.039704,0.7058579
6,3560,8.791928,-0.31285715
0,3600,0.005925022,-2.830948
1,3600,3.347719,-1.6978879
2,3600,5.5270925,-1.8891653
3,3600,6.27819,0.13368061
4,3600,7.3512855,-1.6004417
5,3600,8.012412,0.69303286
6,3600,8.81352,-0.27714783
0,3640,0.11107118,-2.811865
1,3640,3.3919044,-1.6463276
2,3640,5.594331,-1.8796878
3,3640,6.298989,0.16237208
4,3640,7.404367,-1.558096
5,3640,7.980339,0.6683342
6,3640,8.832939,-0.24029626
0,3680,0.210587,-2.7982347
1,3680,3.4364395,-1.595069
2,3680,5.661462,-1.8694777
3,3680,6.316207,0.2020605
4,3680,7.456593,-1.5146996
5,3680,7.945363,0.656102
6,3680,8.850168,-0.20244372
0,3720,0.3100686,-2.784357
1,3720,3.4887521,-1.5539767
2,3720,5.728475,-1.8585219
3,3720,6.334383,0.2413195
4,3720,7.5079103,-1.4702321
5,3720,7.9069424,0.65619755
6,3720,8.865197,-0.163727
0,3760,0.40951502,-2.770229
1,3760,3.548798,-1.5230839
2,3760,5.79536,-1.8468068
3,3760,6.3570194,0.2685809
4,3760,7.558261,-1.4246731
5,3760,7.863706,0.6681528
6,3760,8.878021,-0.124278605
0,3800,0.50892514,-2.7558482
1,3800,3.6150281,-1.5004218
2,3800,5.862105,-1.8343183
3,3800,6.376791,0.28336707
4,3800,7.6075826,-1.3780018
5,3800,7.820023,0.6764421
6,3800,8.888642,-0.08422682
0,3840,0.6082978,-2.741211
1,3840,3.6812582,-1.4777596
2,3840,5.9286976,-1.821042
3,3840,6.393606,0.28569934
4,3840,7.6558065,-1.3301972
5,3840,7.7761993,0.68113106
6,3840,8.897066,-0.043695837
0,3880,0.707632,-2.7263145
1,3880,3.7398047,-1.4448601
2,3880,5.995125,-1.8069628
3,3880,6.4074306,0.2755859
4,3880,7.702858,-1.2812384
5,3880,7.7324877,0.6823563
6,3880,8.903303,-0.0028058924
0,3920,0.8069265,-2.7111557
1,3920,3.7998128,-1.3992443
2,3920,6.0613737,-1.7920656
3,3920,6.418334,0.25301024
4,3920,7.7486553,-1.2311045
5,3920,7.695077,0.67243963
6,3920,8.90737,0.038326643
0,3960,0.90618,-2.6957312
1,3960,3.8614275,-1.3409297
2,3960,6.1274295,-1.7763343
3,3960,6.426626,0.21790372
4,3960,7.7936597,-1.193746
5,3960,7.66437,0.651619
6,3960,8.909284,0.07958916
0,4000,1.0053914,-2.6800375
1,4000,3.9117787,-1.2886952
2,4000,6.193277,-1.7597523
3,4000,6.434224,0.17531376
4,4000,7.8377705,-1.1691562
5,4000,7.6409316,0.62026227
6,4000,8.90907,0.120872736
0,4040,1.1045593,-2.6640716
1,4040,3.9582179,-1.239155
2,4040,6.2514415,-1.7534082
3,4040,6.4429317,0.13293675
4,4040,7.880703,-1.157312
5,4040,7.625706,0.5790879
6,4040,8.906755,0.162072
0,4080,1.2036824,-2.6478295
1,4080,4.0050454,-1.189982
2,4080,6.3018904,-1.7572773
3,4080,6.452752,0.09080368
4,4080,7.9227834,-1.1503538
5,4080,7.6164646,0.5492288
6,4080,8.9023695,0.20308512
0,4120,1.3027593,-2.631308
1,4120,4.052264,-1.1411846
2,4120,6.3445563,-1.7713085
3,4120,6.4636874,0.048946165
4,4120,7.9645476,-1.1425095
5,4120,7.6123443,0.5311006
6,4120,8.8959465,0.2438137
0,4160,1.4017885,-2.6145034
1,4160,4.099877,-1.0927712
2,4160,6.383745,-1.7896354
3,4160,6.4757395,0.0073963553
4,4160,8.005984,-1.1337432
5,4160,7.612932,0.52487487
6,4160,8.887523,0.28416267
0,4200,1.5007685,-2.5974119
1,4200,4.147886,-1.0447507
2,4200,6.423241,-1.807291
3,4200,6.4889083,-0.033812992
4,4200,8.047078,-1.1240214
5,4200,7.614738,0.52242595
6,4200,8.877138,0.32404035
0,4240,1.599698,-2.5800295
1,4240,4.1962934,-0.9971323
2,4240,6.463034,-1.8242664
3,4240,6.5031943,-0.07464859
4,4240,8.0878105,-1.1133133
5,4240,7.6164384,0.5201199
6,4240,8.864603,0.3513
0,4280,1.6985751,-2.5623522
1,4280,4.2451024,-0.9499254
2,4280,6.5031137,-1.8405529
3,4280,6.518596,-0.11507659
4,4280,8.128159,-1.1015908
5,4280,7.6180396,0.5179484
6,4280,8.8574705,0.36695558
0,4320,1.7973984,-2.544376
1,4320,4.2943153,-0.9031397
2,4320,6.54347,-1.8561419
3,4320,6.5351114,-0.15506259
4,4320,8.168097,-1.0888283
5,4320,7.6195474,0.51590353
6,4320,8.855897,0.3710814
0,4360,1.8961661,-2.5260963
1,4360,4.3439345,-0.8567853
2,4360,6.5840917,-1.8710247
3,4360,6.552737,-0.1945717
4,4360,8.207595,-1.0750037
5,4360,7.6209674,0.51397794
6,4360,8.859929,0.3637
0,4400,1.9948763,-2.5075095
1,4400,4.393963,-0.81087255
2,4400,6.624968,-1.885193
3,4400,6.5714693,-0.2335685
4,4400,8.246621,-1.0600977
5,4400,7.6223044,0.5121647
6,4400,8.869421,0.34474117
0,4440,2.0935273,-2.4886105
1,4440,4.4444027,-0.7654122
2,4440,6.666088,-1.8986382
3,4440,6.591302,-0.2720171
4,4440,8.285142,-1.0440938
5,4440,7.623564,0.5104572
6,4440,8.883772,0.31394058
0,4480,2.1921172,-2.4693952
1,4480,4.4952564,-0.7204154
2,4480,6.70744,-1.9113523
3,4480,6.6122293,-0.30988112
4,4480,8.311223,-1.0250736
5,4480,7.6247497,0.5088493
6,4480,8.899356,0.27581248
0,4520,2.290644,-2.4498584
1,4520,4.553157,-0.66473293
2,4520,6.749012,-1.9233268
3,4520,6.6342435,-0.34712374
4,4520,8.324787,-1.0033767
5,4520,7.6258664,0.50733525
6,4520,8.913099,0.23699097
0,4560,2.3891053,-2.4299955
1,4560,4.618536,-0.5986625
2,4560,6.790792,-1.934554
3,4560,6.6573358,-0.3837077
4,4560,8.325717,-0.979625
5,4560,7.626918,0.5059095
6,4560,8.924987,0.19756807
0,4600,2.4874992,-2.4098015
1,4600,4.6922426,-0.52287143
2,4600,6.832768,-1.9450258
3,4600,6.6814957,-0.4195954
4,4600,8.316705,-0.9639344
5,4600,7.6335297,0.51601285
6,4600,8.933907,0.17059645
0,4640,2.5940847,-2.3797717
1,4640,4.7723556,-0.44280708
2,4640,6.874927,-1.9547344
3,4640,6.7067122,-0.45474878
4,4640,8.297918,-0.95650846
5,4640,7.6460557,0.53746814
6,4640,8.9400425,0.1561183
0,4680,2.7087684,-2.3398292
1,4680,4.850428,-0.37537906
2,4680,6.917256,-1.9636724
3,4680,6.7329726,-0.4891295
4,4680,8.269391,-0.95738715
5,4680,7.6656494,0.5695952
6,4680,8.943494,0.1541556
0,4720,2.831453,-2.2898958
1,4720,4.9264245,-0.32058156
2,4720,6.9597416,-1.9718322
3,4720,6.7602625,-0.52269894
4,4720,8.23077,-0.966137
5,4720,7.6919684,0.6060363
6,4720,8.934167,0.1514533
0,4760,2.959453,-2.233186
1,4760,4.9922075,-0.27349955
2,4760,7.002371,-1.9792064
3,4760,6.7888913,-0.5435386
4,4760,8.190446,-0.9744196
5,4760,7.711731,0.63148403
6,4760,8.930185,0.13712062
0,4800,3.0792534,-2.186305
1,4800,5.0483327,-0.23481749
2,4800,7.04513,-1.9857881
3,4800,6.818717,-0.5516343
4,4800,8.149818,-0.9810503
5,4800,7.742459,0.66325104
6,4800,8.931455,0.11111475
0,4840,3.1908298,-2.1492326
1,4840,5.104691,-0.19694181
2,4840,7.088004,-1.9915702
3,4840,6.8412857,-0.5491858
4,4840,8.108954,-0.98601586
5,4840,7.775338,0.69224566
6,4840,8.937232,0.07312871
0,4880,3.2941008,-2.1218998
1,4880,5.16148,-0.15971507
2,4880,7.1192913,-1.991914
3,4880,6.8565507,-0.53622556
4,4880,8.067923,-0.98930585
5,4880,7.8100977,0.7184312
6,4880,8.942221,0.03224791
0,4920,3.3900719,-2.0840526
1,4920,5.219063,-0.13526368
2,4920,7.1389494,-1.9869096
3,4920,6.8645577,-0.51272213
4,4920,8.026791,-0.9909128
5,4920,7.846482,0.74178815
6,4920,8.945263,-0.008817017
0,4960,3.4787421,-2.0356917
1,4960,5.2836995,-0.10013127
2,4960,7.14695,-1.976619
3,4960,6.865557,-0.47850737
4,4960,7.9966216,-0.9859115
5,4960,7.884251,0.7623117
6,4960,8.946367,-0.049974076
0,5000,3.5627966,-1.9992696
1,5000,5.3356314,-0.06344013
2,5000,7.1432853,-1.9610586
3,5000,6.8618846,-0.43540117
4,5000,7.97753,-0.9744971
5,5000,7.9231806,0.78000957
6,5000,8.945545,-0.091132954
0,5040,3.642234,-1.9747858
1,5040,5.374855,-0.025219224
2,5040,7.127987,-1.9401606
3,5040,6.859669,-0.39219555
4,5040,7.969735,-0.95706385
5,5040,7.963058,0.7949002
6,5040,8.942811,-0.13220505
0,5080,3.7170396,-1.9622345
1,5080,5.4013643,0.014479224
2,5080,7.101182,-1.9136549
3,5080,6.8589296,-0.3489395
4,5080,7.970394,-0.93621767
5,5080,8.003685,0.80701125
6,5080,8.935315,-0.16139571
0,5120,3.7837112,-1.9397999
1,5120,5.415145,0.055529628
2,5120,7.069624,-1.8840625
3,5120,6.8593044,-0.30579916
4,5120,7.959672,-0.9212287
5,5120,8.044873,0.8163783
6,5120,8.92322,-0.1786414
0,5160,3.8422425,-1.9074873
1,5160,5.4293942,0.096377976
2,5160,7.0386515,-1.8538578
3,5160,6.8604913,-0.2628832
4,5160,7.9376187,-0.912193
5,5160,8.086447,0.8230439
6,5160,8.906876,-0.18381296
0,5200,3.8901062,-1.8822485
1,5200,5.4442954,0.13699317
2,5200,7.00828,-1.8230487
3,5200,6.8625317,-0.22018678
4,5200,7.904094,-0.9088368
5,5200,8.116403,0.8243366
6,5200,8.888277,-0.18004325
0,5240,3.9273105,-1.8640963
1,5240,5.4598475,0.17736357
2,5240,6.978525,-1.7916435
3,5240,6.865465,-0.17771013
4,5240,7.862828,-0.9078219
5,5240,8.13474,0.8202588
6,5240,8.873521,-0.18848322
0,5280,3.953484,-1.839451
1,5280,5.47605,0.21747741
2,5280,6.949403,-1.759651
3,5280,6.8693304,-0.13545808
4,5280,7.8216853,-0.9047139
5,5280,8.141404,0.8109293
6,5280,8.862668,-0.20911352
0,5320,3.968639,-1.8082919
1,5320,5.4929013,0.2573228
2,5320,6.91856,-1.7293595
3,5320,6.8741627,-0.09343997
4,5320,7.783136,-0.89726555
5,5320,8.160315,0.80532295
6,5320,8.855342,-0.24204847
0,5360,3.9928298,-1.7861986
1,5360,5.5104012,0.29688776
2,5360,6.8892674,-1.6985112
3,5360,6.8799963,-0.05166937
4,5360,7.7651377,-0.8785837
5,5360,8.191597,0.8029971
6,5360,8.848735,-0.2829395
0,5400,4.006675,-1.7565687
1,5400,5.5285482,0.3361602
2,5400,6.8692727,-1.6599156
3,5400,6.8868628,-0.010163877
4,5400,7.760213,-0.85640585
5,5400,8.233585,0.8016913
6,5400,8.839937,-0.3233778
0,5440,4.030253,-1.7352515
1,5440,5.5450745,0.36273566
2,5440,6.845992,-1.6233212
3,5440,6.894791,0.0310552
4,5440,7.748913,-0.8360142
5,5440,8.275304,0.79778665
6,5440,8.841708,-0.3455123
0,5480,4.062323,-1.7212331
1,5480,5.564314,0.40148455
2,5480,6.8202033,-1.5885855
3,5480,6.9038086,0.07196303
4,5480,7.738267,-0.8109742
5,5480,8.316612,0.7913607
6,5480,8.84868,-0.35659757
0,5520,4.0843973,-1.6992192
1,5520,5.5841966,0.4399074
2,5520,6.795142,-1.553321
3,5520,6.913939,0.11253152
4,5520,7.7262497,-0.7742764
5,5520,8.357381,0.7824935
6,5520,8.852302,-0.3597292
0,5560,4.1164403,-1.6852344
1,5560,5.60472,0.4779917
2,5560,6.770825,-1.5175397
3,5560,6.9284062,0.15609042
4,5560,7.7294736,-0.7357029
5,5560,8.385419,0.77229
6,5560,8.864686,-0.3501262
0,5600,4.1385093,-1.6632274
1,5600,5.625882,0.5157249
2,5600,6.747267,-1.4812541
3,5600,6.9405613,0.1961417
4,5600,7.7331038,-0.70489264
5,5600,8.398816,0.7651876
6,5600,8.876543,-0.3355346
0,5640,4.1705246,-1.6492769
1,5640,5.6476803,0.55309427
2,5640,6.7244835,-1.444477
3,5640,6.9634805,0.23070222
4,5640,7.7362137,-0.68721443
5,5640,8.396727,0.7774747
6,5640,8.878577,-0.3199929
0,5680,4.192588,-1.6272769
1,5680,5.6701117,0.59008706
2,5680,6.702491,-1.4072218
3,5680,6.977605,0.26971033
4,5680,7.7335835,-0.6816761
5,5680,8.384425,0.7965269
6,5680,8.870635,-0.29911515
0,5720,4.224575,-1.6133614
1,5720,5.693173,0.6266904
2,5720,6.681304,-1.3695024
3,5720,6.992982,0.3082064
4,5720,7.719634,-0.6772319
5,5720,8.361883,0.8212353
6,5720,8.849555,-0.27385777
0,5760,4.2567596,-1.5996078
1,5760,5.716861,0.6628914
2,5760,6.6609383,-1.3313334
3,5760,7.0096145,0.34614483
4,5760,7.697017,-0.67245376
5,5760,8.331962,0.84247154
6,5760,8.838258,-0.24539262
0,5800,4.279015,-1.5777767
1,5800,5.741172,0.698677
2,5800,6.6414094,-1.2927296
3,5800,7.027502,0.3834786
4,5800,7.6871395,-0.666428
5,5800,8.295078,0.86109954
6,5800,8.823895,-0.22472595
0,5840,4.3111706,-1.5640584
1,5840,5.766102,0.7340341
2,5840,6.622732,-1.2537067
3,5840,7.0466413,0.42015988
4,5840,7.6900125,-0.6592798
5,5840,8.2573,0.8777798
6,5840,8.820785,-0.19795477
0,5880,4.343394,-1.5503958
1,5880,5.7916465,0.7689496
2,5880,6.6049213,-1.2142807
3,5880,7.0670257,0.45613986
4,5880,7.6932025,-0.6524953
5,5880,8.218738,0.89249426
6,5880,8.828761,-0.16478807
0,5920,4.375617,-1.5367333
1,5920,5.817802,0.8034103
2,5920,6.587992,-1.1744683
3,5920,7.074962,0.47420758
4,5920,7.6962066,-0.6461066
5,5920,8.192646,0.91036123
6,5920,8.843985,-0.12586462
0,5960,4.4078403,-1.5230707
1,5960,5.844563,0.8374027
2,5960,6.571959,-1.1342865
3,5960,7.0644307,0.47636783
4,5960,7.699035,-0.6400906
5,5960,8.178817,0.92030853
6,5960,8.8568325,-0.08618072
0,6000,4.4400635,-1.5094081
1,6000,5.8719244,0.8709136
2,6000,6.5568366,-1.0937533
3,6000,7.057612,0.47110197
4,6000,7.701699,-0.63442546
5,6000,8.1636305,0.93594956
6,6000,8.867315,-0.045882504
0,6040,4.4722867,-1.4957455
1,6040,5.8998814,0.9039296
2,6040,6.542639,-1.052887
3,6040,7.054983,0.4588712
4,6040,7.71201,-0.6390247
5,6040,8.14673,0.95675576
6,6040,8.875447,-0.005110223
0,6080,4.50451,-1.482083
1,6080,5.9284277,0.9364371
2,6080,6.5293803,-1.0117064
3,6080,7.0508504,0.4375168
4,6080,7.7301784,-0.6537283
5,6080,8.133902,0.98483866
6,6080,8.88125,0.036001574
0,6120,4.526827,-1.4603148
1,6120,5.9575577,0.9684226
2,6120,6.5170746,-0.97023106
3,6120,7.04087,0.4047761
4,6120,7.7570157,-0.6778498
5,6120,8.113169,1.0229896
6,6120,8.884748,0.07732378
0,6160,4.539259,-1.4304141
1,6160,5.987265,0.99987257
2,6160,6.505735,-0.9284812
3,6160,7.0286465,0.3652759
4,6160,7.790812,-0.70550215
5,6160,8.0845,1.071184
6,6160,8.885972,0.11873252
0,6200,4.541879,-1.3922937
1,6200,6.0175433,1.0307734
2,6200,6.5012774,-0.89752376
3,6200,7.0178194,0.32538944
4,6200,7.826363,-0.7303391
5,6200,8.04785,1.129384
6,6200,8.884954,0.16010897
0,6240,4.5389137,-1.349133
1,6240,6.0483856,1.0611115
2,6240,6.5035973,-0.87742496
3,6240,7.0196433,0.28355634
4,6240,7.8634224,-0.75234836
5,6240,8.003143,1.1975313
6,6240,8.881734,0.20133916
0,6280,4.5364265,-1.3059422
1,6280,6.071549,1.1016903
2,6280,6.5126214,-0.8682298
3,6280,7.028219,0.25259766
4,6280,7.9017577,-0.77153105
5,6280,7.950263,1.2755293
6,6280,8.87635,0.24231379
0,6320,4.5344195,-1.2627264
1,6320,6.0869665,1.1524597
2,6320,6.5283303,-0.86995053
3,6320,7.0431237,0.23276493
4,6320,7.9411507,-0.78789985
5,6320,7.9007525,1.3411788
6,6320,8.868848,0.28292814
0,6360,4.5328946,-1.2194909
1,6360,6.094572,1.2133685
2,6360,6.550802,-0.8825388
3,6360,7.063523,0.22449277
4,6360,7.981396,-0.80147755
5,6360,7.854462,1.3944398
6,6360,8.859273,0.32308182
0,6400,4.5318537,-1.176241
1,6400,6.0942974,1.2843643
2,6400,6.580349,-0.90579396
3,6400,7.084115,0.21955642
4,6400,8.022301,-0.81229544
5,6400,7.802388,1.4591198
6,6400,8.847676,0.36267877
0,6440,4.531299,-1.1329823
1,6440,6.086075,1.3653935
2,6440,6.6137505,-0.93328923
3,6440,7.103506,0.21490802
4,6440,8.0636835,-0.82039225
5,6440,7.7553663,1.512039
6,6440,8.834109,0.40162697
0,6480,4.5312324,-1.0897199
1,6480,6.069835,1.4564009
2,6480,6.6478186,-0.9599538
3,6480,7.121766,0.21053077
4,6480,8.105373,-0.82581306
5,6480,7.709426,1.5620419
6,6480,8.818627,0.43983853
0,6520,4.531655,-1.0464596
1,6520,6.0455074,1.5573292
2,6520,6.6825376,-0.9857648
3,6520,7.138961,0.20640887
4,6520,8.147208,-0.8286085
5,6520,7.66337,1.6119385
6,6520,8.801287,0.47722942
0,6560,4.532569,-1.0032068
1,6560,6.0130196,1.6681192
2,6560,6.717891,-1.0106996
3,6560,7.1551523,0.20252742
4,6560,8.189037,-0.8288341
5,6560,7.6171985,1.6617281
6,6560,8.782146,0.5137195
0,6600,4.533976,-0.9599674
1,6600,5.9722977,1.788709
2,6600,6.7538624,-1.0347356
3,6600,7.170399,0.19887237
4,6600,8.230718,-0.8265496
5,6600,7.570911,1.7114102
6,6600,8.761268,0.54923236
0,6640,4.5358777,-0.9167468
1,6640,5.9232645,1.9190339
2,6640,6.7904325,-1.0578499
3,6640,7.1847568,0.19543055
4,6640,8.272115,-0.8218182
5,6640,7.5245075,1.7609838
6,6640,8.738713,0.5836954
0,6680,4.5382752,-0.8735509
1,6680,5.873703,2.0499678
2,6680,6.8275824,-1.0800203
3,6680,7.198277,0.19218948
4,6680,8.313102,-0.81470644
5,6680,7.4653053,1.8103905
6,6680,8.714547,0.61703956
0,6720,4.5411706,-0.8303855
1,6720,5.8241415,2.1809015
2,6720,6.865292,-1.1012244
3,6720,7.2110085,0.18913749
4,6720,8.3535595,-0.8052837
5,6720,7.3933053,1.8595488
6,6720,8.688836,0.6491994
0,6760,4.544565,-0.7872565
1,6760,5.77458,2.3118353
2,6760,6.9035406,-1.1214402
3,6760,7.222997,0.18626353
4,6760,8.393375,-0.7936217
5,6760,7.308511,1.9083312
6,6760,8.661647,0.6801131
0,6800,4.54846,-0.7441698
1,6800,5.7250185,2.442769
2,6800,6.9423065,-1.1406455
3,6800,7.234287,0.18355721
4,6800,8.432444,-0.77979434
5,6800,7.211069,1.9551425
6,6800,8.633049,0.70972216
0,6840,4.552857,-0.7011314
1,6840,5.675457,2.5737028
2,6840,6.981567,-1.1588187
3,6840,7.244918,0.18100877
4,6840,8.470665,-0.7638774
5,6840,7.100988,1.9999324
6,6840,8.603112,0.7379717
0,6880,4.557757,-0.6581474
1,6880,5.6258955,2.7046366
2,6880,7.021298,-1.1759385
3,6880,7.2549286,0.17860898
4,6880,8.507946,-0.7459483
5,6880,6.978276,2.04265
6,6880,8.571909,0.76481026
0,6920,4.563161,-0.6152239
1,6920,5.576334,2.8355703
2,6920,7.061475,-1.1919835
3,6920,7.264355,0.1763492
4,6920,8.544199,-0.72608596
5,6920,6.8443627,2.083483
6,6920,8.539511,0.7901897
0,6960,4.5690703,-0.572367
1,6960,5.5267725,2.966504
2,6960,7.1020722,-1.206933
3,6960,7.273232,0.17422122
4,6960,8.579342,-0.7043705
5,6960,6.7104497,2.124316
6,6960,8.505992,0.81406534
0,7000,4.5754867,-0.52958304
1,7000,5.477211,3.0974379
2,7000,7.143063,-1.2207665
3,7000,7.281591,0.17221737
4,7000,8.613298,-0.68088317
5,7000,6.5765367,2.165149
6,7000,8.471426,0.83639586
0,7040,4.5824103,-0.48687828
1,7040,5.4276495,3.2283716
2,7040,7.18442,-1.233464
3,7040,7.2894626,0.17033042
4,7040,8.645996,-0.6557061
5,7040,6.4426236,2.205982
6,7040,8.435889,0.8571432
0,7080,4.597552,-0.4539873
1,7080,5.378088,3.3593054
2,7080,7.2261143,-1.2450058
3,7080,7.296875,0.16855353
4,7080,8.677367,-0.6289224
5,7080,6.3087106,2.246815
6,7080,8.399458,0.8762728
0,7120,4.6208415,-0.4309676
1,7120,5.3285265,3.4902391
2,7120,7.268116,-1.2553729
3,7120,7.303855,0.1668803
4,7120,8.707351,-0.60061586
5,7120,6.1747975,2.2876477
6,7120,8.362208,0.8937532
0,7160,4.6522255,-0.41786394
1,7160,5.278965,3.621173
2,7160,7.310395,-1.2645465
3,7160,7.3023252,0.15564531
4,7160,8.7358885,-0.5708708
5,7160,6.0408845,2.3284807
6,7160,8.332876,0.9011759
0,7200,4.6916714,-0.4147021
1,7200,5.2294035,3.7521067
2,7200,7.352918,-1.2725086
3,7200,7.2924657,0.13469183
4,7200,8.762927,-0.53977215
5,7200,5.9069715,2.3693135
6,7200,8.294485,0.9159869
0,7240,4.739188,-0.4214753
1,7240,5.179842,3.8830404
2,7240,7.3956532,-1.2792418
3,7240,7.2750673,0.10339396
4,7240,8.788418,-0.50740516
5,7240,5.7730584,2.4101465
6,7240,8.245565,0.9380774
0,7280,4.7770925,-0.41979626
1,7280,5.1302805,4.013974
2,7280,7.438566,-1.2847294
3,7280,7.2554817,0.06462602
4,7280,8.812315,-0.47385547
5,7280,5.6391454,2.4509795
6,7280,8.186111,0.96743894
0,7320,4.811799,-0.41527557
1,7320,5.080719,4.144908
2,7320,7.4816217,-1.2889552
3,7320,7.238935,0.024762653
4,7320,8.8345785,-0.4392089
5,7320,5.5052323,2.4918122
6,7320,8.11611,1.0040528
0,7360,4.8465056,-0.4107549
1,7360,5.0311575,4.2758417
2,7360,7.5247836,-1.2919041
3,7360,7.2253914,-0.015963413
4,7360,8.855171,-0.40355143
5,7360,5.3713193,2.5326452
6,7360,8.033345,1.041636
0,7400,4.881212,-0.4062342
1,7400,4.981596,4.4067755
2,7400,7.568014,-1.2935616
3,7400,7.2148056,-0.057335272
4,7400,8.863462,-0.3643561
5,7400,5.2374063,2.5734782
6,7400,7.9378157,1.0801654
0,7440,4.915919,-0.40171352
1,7440,4.9320345,4.537709
2,7440,7.611275,-1.2939141
3,7440,7.207124,-0.09915069
4,7440,8.8593025,-0.32219294
5,7440,5.103493,2.6143112
6,7440,7.8295193,1.1196177
0,7480,4.9506254,-0.39719284
1,7480,4.882473,4.668643
2,7480,7.6545267,-1.2929488
3,7480,7.2046366,-0.1292671
4,7480,8.842515,-0.2779372
5,7480,4.96958,2.6551442
6,7480,7.7084546,1.1599692
0,7520,4.985332,-0.39267215
1,7520,4.8329115,4.7995768
2,7520,7.697728,-1.2906544
3,7520,7.2073765,-0.14769979
4,7520,8.814068,-0.23350124
5,7520,4.835667,2.695977
6,7520,7.5746617,1.2011931
0,7560,5.015596,-0.40015557
1,7560,4.78335,4.9305105
2,7560,7.7408376,-1.2870201
3,7560,7.215276,-0.15441819
4,7560,8.786155,-0.19086559
5,7560,4.701754,2.7368097
6,7560,7.440869,1.242417
0,7600,5.041457,-0.41965806
1,7600,4.7337885,5.0614443
2,7600,7.783812,-1.2820365
3,7600,7.22671,-0.15216817
4,7600,8.758659,-0.1499362
5,7600,4.567841,2.7776427
6,7600,7.307076,1.2836409
0,7640,5.0630503,-0.45122796
1,7640,4.684227,5.192378
2,7640,7.826607,-1.2756954
3,7640,7.2299848,-0.14005578
4,7640,8.724026,-0.098381855
5,7640,4.433928,2.8184757
6,7640,7.173283,1.3248647
0,7680,5.0825124,-0.4898656
1,7680,4.6346655,5.323312
2,7680,7.869178,-1.2679899
3,7680,7.2251916,-0.11800618
4,7680,8.701855,-0.049748644
5,7680,4.300015,2.8593087
6,7680,7.03949,1.3660886
0,7720,5.10251,-0.5282288
1,7720,4.585104,5.4542456
2,7720,7.9114776,-1.2589142
3,7720,7.2129345,-0.08555809
4,7720,8.692201,-0.0037936494
5,7720,4.166102,2.9001417
6,7720,6.9056973,1.4073125
0,7760,5.123041,-0.566309
1,7760,4.5355425,5.5851793
2,7760,7.953459,-1.2484643
3,7760,7.1981006,-0.04578325
4,7760,8.6951275,0.039802454
5,7760,4.032189,2.9409745
6,7760,6.7719045,1.4485364
0,7800,5.144105,-0.60409725
1,7800,4.485981,5.716113
2,7800,7.9950733,-1.2366376
3,7800,7.1859937,-0.005262509
4,7800,8.708765,0.08179568
5,7800,3.8982759,2.9818072
6,7800,6.6381116,1.4897602
0,7840,5.165699,-0.6415849
1,7840,4.4364195,5.847047
2,7840,8.036271,-1.2234328
3,7840,7.1765814,0.035822466
4,7840,8.718961,0.12439042
5,7840,3.7643628,3.0226402
6,7840,6.5043187,1.5309839
0,7880,5.187822,-0.678763
1,7880,4.386858,5.9779806
2,7880,8.077002,-1.2088505
3,7880,7.1698246,0.077300295
4,7880,8.725809,0.16733152
5,7880,3.6304498,3.0634732
6,7880,6.370526,1.5722078
0,7920,5.210471,-0.7156227
1,7920,4.3395104,6.1030655
2,7920,8.117213,-1.1928931
3,7920,7.165679,0.11900927
4,7920,8.72941,0.21038608
5,7920,3.4965367,3.1043062
6,7920,6.236733,1.6134317
0,7960,5.233645,-0.75215507
1,7960,4.2949247,6.220854
2,7960,8.156861,-1.1756439
3,7960,7.164094,0.16079676
4,7960,8.729872,0.25334144
5,7960,3.3626237,3.145139
6,7960,6.10294,1.6546555
0,8000,5.2573404,-0.78835106
1,8000,4.25294,6.331771
2,8000,8.195984,-1.1577568
3,8000,7.1650157,0.20251873
4,8000,8.7273035,0.29600322
5,8000,3.2287107,3.1859717
6,8000,5.969147,1.6958792
0,8040,5.2815557,-0.82420164
1,8040,4.2134047,6.436218
2,8040,8.222983,-1.1357647
3,8040,7.1696615,0.23199446
4,8040,8.721821,0.33819386
5,8040,3.0947976,3.2268047
6,8040,5.8353543,1.7371031
0,8080,5.3062873,-0.85969776
1,8080,4.176175,6.534572
2,8080,8.26126,-1.1171556
3,8080,7.1746273,0.27332777
4,8080,8.71354,0.37975103
5,8080,2.9608846,3.2676377
6,8080,5.7015615,1.778327
0,8120,5.331533,-0.8948302
1,8120,4.138377,6.620139
2,8120,8.287191,-1.0951643
3,8120,7.1822853,0.30214736
4,8120,8.702579,0.42052636
5,8120,2.8269715,3.3084707
6,8120,5.5677686,1.8195508
0,8160,5.3572893,-0.92958987
1,8160,4.100785,6.692908
2,8160,8.324603,-1.075622
3,8160,7.192576,0.31844062
4,8160,8.689055,0.46038437
5,8160,2.6930585,3.3493035
6,8160,5.4339757,1.8607745
0,8200,5.378887,-0.95224386
1,8200,4.0644298,6.7529364
2,8200,8.36142,-1.0552063
3,8200,7.2052913,0.32216564
4,8200,8.673091,0.49920133
5,8200,2.5591455,3.3901365
6,8200,5.300183,1.9019983
0,8240,5.3962536,-0.96281767
1,8240,4.031025,6.8005095
2,8240,8.397613,-1.0338961
3,8240,7.219213,0.31652185
4,8240,8.654803,0.5368644
5,8240,2.4252324,3.4309692
6,8240,5.16639,1.943222
0,8280,5.409338,-0.96132886
1,8280,4.0060716,6.8384695
2,8280,8.433149,-1.0116738
3,8280,7.2323227,0.3112073
4,8280,8.634313,0.57327086
5,8280,2.2913194,3.4718022
6,8280,5.032597,1.9844458
0,8320,5.434912,-0.96264106
1,8320,3.9894755,6.8667345
2,8320,8.467996,-0.98852533
3,8320,7.244668,0.30620274
4,8320,8.611738,0.60832727
5,8320,2.1574063,3.5126352
6,8320,4.898804,2.0256696
0,8360,5.4729924,-0.96668065
1,8360,3.9811115,6.8851976
2,8360,8.502116,-0.96444035
3,8360,7.256293,0.30149013
4,8360,8.587197,0.6419488
5,8360,2.0234933,3.553468
6,8360,4.7650113,2.0668933
0,8400,5.523617,-0.9732662
1,8400,3.9807708,6.8936877
2,8400,8.535473,-0.9394121
3,8400,7.2672396,0.2970524
4,8400,8.560807,0.6740588
5,8400,1.8895804,3.5943007
6,8400,4.6312184,2.108117
0,8440,5.58687,-0.9819366
1,8440,3.9818926,6.8998895
2,8440,8.568027,-0.9134374
3,8440,7.2810984,0.2801503
4,8440,8.532683,0.704588
5,8440,1.7556674,3.6351337
6,8440,4.4974256,2.1493409
0,8480,5.6460094,-0.9784861
1,8480,3.9829488,6.9057293
2,8480,8.599737,-0.8865168
3,8480,7.297742,0.2507548
4,8480,8.502942,0.7334744
5,8480,1.6217545,3.6759665
6,8480,4.3636327,2.1905646
0,8520,5.700971,-0.9629366
1,8520,3.9839435,6.911228
2,8520,8.630564,-0.8586543
3,8520,7.3172226,0.20887771
4,8520,8.471696,0.7606624
5,8520,1.4878416,3.7167993
6,8520,4.22984,2.2317884
0,8560,5.743184,-0.94852716
1,8560,3.9848802,6.9164066
2,8560,8.650955,-0.83820456
3,8560,7.336971,0.1680264
4,8560,8.439058,0.7861028
5,8560,1.3539287,3.7576323
6,8560,4.096047,2.2730122
0,8600,5.77545,-0.93496597
1,8600,3.9857621,6.921283
2,8600,8.6610565,-0.82536715
3,8600,7.356986,0.12861483
4,8600,8.40514,0.8097521
5,8600,1.2200158,3.798465
6,8600,3.9622538,2.314236
0,8640,5.8077164,-0.9214048
1,8640,3.9865928,6.9258747
2,8640,8.680707,-0.80400616
3,8640,7.377361,0.09059315
4,8640,8.370049,0.83157265
5,8640,1.0861028,3.8392978
6,8640,3.8284607,2.3554597
0,8680,5.8399825,-0.9078436
1,8680,3.9873748,6.9301987
2,8680,8.690446,-0.790745
3,8680,7.3981857,0.053925678
4,8680,8.333897,0.8515318
5,8680,0.9521899,3.8801308
6,8680,3.6946676,2.3966835
0,8720,5.8722486,-0.8942824
1,8720,3.9881113,6.9342704
2,8720,8.709476,-0.76867986
3,8720,7.4195485,0.018591136
4,8720,8.296787,0.8696021
5,8720,0.818277,3.9209638
6,8720,3.5608745,2.4379072
0,8760,5.904515,-0.8807212
1,8760,3.9888048,6.9381046
2,8760,8.736735,-0.73754877
3,8760,7.4415326,-0.015417032
4,8760,8.258827,0.8857608
5,8760,0.6843641,3.9617968
6,8760,3.4270813,2.479131
0,8800,5.936781,-0.86716
1,8800,3.9894578,6.9417152
2,8800,8.762891,-0.70551366
3,8800,7.464217,-0.048090465
4,8800,8.220119,0.8999897
5,8800,0.55045116,4.0026298
6,8800,3.2932882,2.5203547
0,8840,5.969047,-0.8535988
1,8840,3.9900727,6.945115
2,8840,8.787902,-0.6726013
3,8840,7.4876747,-0.07940578
4,8840,8.180766,0.9122752
5,8840,0.41653824,4.0434628
6,8840,3.159495,2.5615785
0,8880,6.001313,-0.8400375
1,8880,3.9906518,6.9483166
2,8880,8.811727,-0.63884145
3,8880,7.5119705,-0.109324545
4,8880,8.140868,0.9226076
5,8880,0.28262532,4.0842957
6,8880,3.025702,2.6028023
0,8920,6.0335793,-0.8264763
1,8920,3.991197,6.9513316
2,8920,8.834324,-0.6042669
3,8920,7.5371614,-0.13779347
4,8920,8.09006,0.9396342
5,8920,0.14871238,4.1251287
6,8920,2.891909,2.644026
0,8960,6.0658455,-0.812915
1,8960,3.9917107,6.9541707
2,8960,8.855655,-0.5689133
3,8960,7.5632925,-0.16474475
4,8960,8.028349,0.9633647
5,8960,0.014799446,4.1659617
6,8960,2.7581158,2.6852498
0,9000,6.0981116,-0.79935384
1,9000,3.9921942,6.956844
2,9000,8.875681,-0.53281903
3,9000,7.590397,-0.19009668
4,9000,7.9557395,0.9938089
5,9000,-0.11911349,4.2067947
6,9000,2.6243227,2.7264736
0,9040,6.130378,-0.7857926
1,9040,3.9926496,6.959361
2,9040,8.894366,-0.4960253
3,9040,7.6184926,-0.2137545
4,9040,7.872238,1.0309767
5,9040,-0.25302643,4.2476277
6,9040,2.4905295,2.7676973
0,9080,6.162644,-0.77223134
1,9080,3.9930782,6.961732
2,9080,8.911675,-0.45857567
3,9080,7.6445456,-0.22477645
4,9080,7.777851,1.0748779
5,9080,-0.38693935,4.2884607
6,9080,2.3567364,2.808921
0,9120,6.19491,-0.7586701
1,9120,3.993482,6.963964
2,9120,8.927575,-0.42051622
3,9120,7.667844,-0.22329827
4,9120,7.6725845,1.1255227
5,9120,-0.52085227,4.3292937
6,9120,2.2229433,2.8501449
0,9160,6.2300997,-0.73264724
1,9160,3.9938624,6.966066
2,9160,8.942034,-0.3818953
3,9160,7.6872196,-0.21027254
4,9160,7.5564446,1.1829215
5,9160,-0.6547652,4.3701267
6,9160,2.0891502,2.8913686
0,9200,6.274075,-0.7159328
1,9200,3.9942205,6.968045
2,9200,8.955023,-0.34276342
3,9200,7.7054653,-0.19800663
4,9200,7.4313936,1.2458676
5,9200,-0.7886781,4.4109597
6,9200,1.9553571,2.9325924
0,9240,6.306404,-0.7025224
1,9240,3.9945576,6.969909
2,9240,8.966515,-0.3031731
3,9240,7.7199864,-0.17349453
4,9240,7.3063426,1.3088137
5,9240,-0.92259103,4.4517927
6,9240,1.821564,2.9738162
0,9280,6.3288903,-0.6809291
1,9280,3.9948752,6.9716644
2,9280,8.973943,-0.27572063
3,9280,7.7310867,-0.136648
4,9280,7.1812916,1.3717598
5,9280,-1.056504,4.4926257
6,9280,1.6877708,3.01504
0,9320,6.3620086,-0.6664629
1,9320,3.9951742,6.973317
2,9320,8.982818,-0.23555022
3,9320,7.7402124,-0.0871547
4,9320,7.0562406,1.4347059
5,9320,-1.1904169,4.5334587
6,9320,1.5539777,3.0562637
0,9360,6.394428,-0.6532722
1,9360,3.9954557,6.9748735
2,9360,8.990148,-0.19499686
3,9360,7.75106,-0.050345078
4,9360,6.9311895,1.4976519
5,9360,-1.3243299,4.5742917
6,9360,1.4201846,3.0974874
0,9400,6.426847,-0.6400815
1,9400,3.9957209,6.9763393
2,9400,8.994762,-0.16695209
3,9400,7.7658906,-0.0013709925
4,9400,6.8061385,1.560598
5,9400,-1.4582428,4.6151247
6,9400,1.2863915,3.1387112
0,9440,6.459266,-0.62689084
1,9440,3.9959705,6.9777193
2,9440,8.996875,-0.15146048
3,9440,7.7728643,0.03749817
4,9440,6.6810875,1.6235441
5,9440,-1.5921557,4.6559577
6,9440,1.1525984,3.179935
0,9480,6.502557,-0.6204565
1,9480,3.9962056,6.979019
2,9480,8.999941,-0.12320441
3,9480,7.7808647,0.069914915
4,9480,6.5560365,1.6864902
5,9480,-1.7260686,4.6967907
6,9480,1.0188053,3.2211587
0,9520,6.556813,-0.6206259
1,9520,3.9964268,6.980243
2,9520,9.001126,-0.107609496
3,9520,7.7776175,0.10844165
4,9520,6.4309855,1.7494363
5,9520,-1.8599815,4.7376237
6,9520,0.88501215,3.2623825
0,9560,6.622379,-0.62678844
1,9560,3.9966352,6.9813957
2,9560,9.002872,-0.07922686
3,9560,7.7654014,0.15610057
4,9560,6.3059344,1.8123823
5,9560,-1.9938945,4.7784567
6,9560,0.75121903,3.3036063
0,9600,6.690035,-0.6325768
1,9600,3.9968314,6.982481
2,9600,9.004067,-0.03805609
3,9600,7.7547317,0.21262127
4,9600,6.1808834,1.8753284
5,9600,-2.1278074,4.8192897
6,9600,0.6174259,3.34483
0,9640,6.7578053,-0.63681555
1,9640,3.9970162,6.983503
2,9640,9.003646,0.0031343997
3,9640,7.753199,0.2684027
4,9640,6.0558324,1.9382745
5,9640,-2.2617204,4.8601227
6,9640,0.4836328,3.3860538
0,9680,6.825658,-0.639437
1,9680,3.9971902,6.984465
2,9680,9.001602,0.044273186
3,9680,7.7595515,0.3222821
4,9680,5.9307814,2.0012205
5,9680,-2.3956335,4.9009557
6,9680,0.3498397,3.4272776
0,9720,6.8935547,-0.6403686
1,9720,3.997354,6.985371
2,9720,8.999871,0.07261579
3,9720,7.772691,0.3734767
4,9720,5.8057303,2.0641665
5,9720,-2.5295465,4.9417887
6,9720,0.21604659,3.4685013
0,9760,6.9614525,-0.6395319
1,9760,3.9975083,6.9862247
2,9760,8.998668,0.08816927
3,9760,7.7916546,0.4214578
4,9760,5.6806793,2.1271126
5,9760,-2.6634595,4.9826217
6,9760,0.082253486,3.509725
0,9800,7.0177207,-0.6333481
1,9800,3.9976537,6.987028
2,9800,8.998136,0.09094037
3,9800,7.815596,0.4658731
4,9800,5.5556283,2.1900587
5,9800,-2.7973726,5.0234547
6,9800,-0.051539615,3.5509489
0,9840,7.062169,-0.62225246
1,9840,3.9977906,6.987785
2,9840,8.998313,0.080931164
3,9840,7.843767,0.5064964
4,9840,5.4305773,2.2530048
5,9840,-2.9312856,5.064287
6,9840,-0.18533272,3.5921726
0,9880,7.0943894,-0.607372
1,9880,3.9979196,6.9884973
2,9880,8.999048,0.05813411
3,9880,7.863943,0.537124
4,9880,5.3055263,2.3159509
5,9880,-3.0651987,5.1051197
6,9880,-0.31912583,3.6333964
0,9920,7.118149,-0.5914371
1,9920,3.998041,6.989168
2,9920,8.9997225,0.022537194
3,9920,7.876484,0.5574782
4,9920,5.180475,2.378897
5,9920,-3.1991117,5.1459527
6,9920,-0.45291895,3.6746202
0,9960,7.1405225,-0.57643175
1,9960,3.998155,6.9898
2,9960,8.998949,-0.018635653
3,9960,7.9004683,0.58356667
4,9960,5.055424,2.441843
5,9960,-3.3330247,5.1867857
6,9960,-0.58671206,3.715844
0,10000,7.161591,-0.5623017
1,10000,3.9982626,6.990395
2,10000,8.996531,-0.059742674
3,10000,7.9369965,0.61220384
4,10000,4.930373,2.504789
5,10000,-3.4669378,5.227618
6,10000,-0.7205052,3.7570677
0,10040,7.1814303,-0.5489959
1,10040,3.9982626,6.990395
2,10040,8.992467,-0.1007179
3,10040,7.975803,0.6370377
4,10040,4.805322,2.5677352
5,10040,-3.6008508,5.2684507
6,10040,-0.8542983,3.7982914
0,10080,7.2001123,-0.5364663
1,10080,3.9982626,6.990395
2,10080,8.986761,-0.14149511
3,10080,8.01618,0.65802926
4,10080,4.680271,2.6306813
5,10080,-3.7347639,5.3092837
6,10080,-0.9880914,3.8395152
0,10120,7.217705,-0.52466756
1,10120,3.9982626,6.990395
2,10120,8.979418,-0.18200792
3,10120,8.057761,0.6752469
4,10120,4.55522,2.6936274
5,10120,-3.868677,5.3501167
6,10120,-1.1218845,3.880739
0,10160,7.234271,-0.5135571
1,10160,3.9982626,6.990395
2,10160,8.970446,-0.22219
3,10160,8.100214,0.68877584
4,10160,4.430169,2.7565734
5,10160,-4.0025897,5.3909492
6,10160,-1.2556776,3.9219627
0,10200,7.249871,-0.50309473
1,10200,3.9982626,6.990395
2,10200,8.959856,-0.2619751
3,10200,8.143238,0.6987143
4,10200,4.305118,2.8195195
5,10200,-4.1365027,5.4317822
6,10200,-1.3894707,3.9631865
0,10240,7.2645607,-0.49324268
1,10240,3.9982626,6.990395
2,10240,8.947664,-0.3012974
3,10240,8.173628,0.71070474
4,10240,4.180067,2.8824656
5,10240,-4.270416,5.4726152
6,10240,-1.5232638,4.0044103
0,10280,7.2783933,-0.48396534
1,10280,3.9982626,6.990395
2,10280,8.933887,-0.34009138
3,10280,8.191397,0.7248279
4,10280,4.055016,2.9454117
5,10280,-4.404329,5.5134478
6,10280,-1.6570569,4.0456343
0,10320,7.291419,-0.47522917
1,10320,3.9982626,6.990395
2,10320,8.918543,-0.37829217
3,10320,8.196532,0.74101263
4,10320,3.9299648,3.0083578
5,10320,-4.538242,5.5542803
6,10320,-1.79085,4.0868583
0,10360,7.303685,-0.46700263
1,10360,3.9982626,6.990395
2,10360,8.901657,-0.41583565
3,10360,8.1889925,0.75897706
4,10360,3.8049135,3.0713038
5,10360,-4.672155,5.5951133
6,10360,-1.9246432,4.1280823
0,10400,7.3152356,-0.45925596
1,10400,3.9982626,6.990395
2,10400,8.883255,-0.45265847
3,10400,8.168703,0.778081
4,10400,3.6798623,3.13425
5,10400,-4.806068,5.6359463
6,10400,-2.0584362,4.1693063
0,10440,7.3261123,-0.4519612
1,10440,3.9982626,6.990395
2,10440,8.863364,-0.48869836
3,10440,8.135617,0.7968764
4,10440,3.554811,3.197196
5,10440,-4.939981,5.676779
6,10440,-2.1922293,4.2105303
0,10480,7.3363547,-0.44509193
1,10480,3.9982626,6.990395
2,10480,8.842017,-0.52389413
3,10480,8.096645,0.8131234
4,10480,3.4297597,3.260142
5,10480,-5.068772,5.7160497
6,10480,-2.3260224,4.2517543
0,10520,7.3459997,-0.4386234
1,10520,3.9982626,6.990395
2,10520,8.821197,-0.5463007
3,10520,8.056834,0.82678276
4,10520,3.3047085,3.3230882
5,10520,-5.19005,5.75303
6,10520,-2.4598155,4.2929783
0,10560,7.34431,-0.4262079
1,10560,3.9982626,6.990395
2,10560,8.808054,-0.55846596
3,10560,8.016355,0.83787334
4,10560,3.1796572,3.3860343
5,10560,-5.3042536,5.787853
6,10560,-2.5936086,4.3342023
0,10600,7.3313413,-0.40774024
1,10600,3.9982626,6.990395
2,10600,8.802757,-0.5605173
3,10600,7.9886584,0.84831524
4,10600,3.054606,3.4489803
5,10600,-5.411795,5.8206444
6,10600,-2.7274017,4.3754263
0,10640,7.307474,-0.38255987
1,10640,3.9982626,6.990395
2,10640,8.805389,-0.5525204
3,10640,7.973752,0.8582454
4,10640,2.9295547,3.5119264
5,10640,-5.5066104,5.8548045
6,10640,-2.8611948,4.4166503
0,10680,7.2784057,-0.35161215
1,10680,3.9982626,6.990395
2,10680,8.81589,-0.5344275
3,10680,7.9716363,0.8676871
4,10680,2.8045034,3.5748725
5,10680,-5.588639,5.8895483
6,10680,-2.994988,4.4578743
0,10720,7.251567,-0.31892037
1,10720,3.9982626,6.990395
2,10720,8.8138685,-0.5189837
3,10720,7.982305,0.8765016
4,10720,2.6794522,3.6378186
5,10720,-5.657873,5.9239054
6,10720,-3.128781,4.4990983
0,10760,7.226998,-0.284665
1,10760,3.9982626,6.990395
2,10760,8.799429,-0.50664604
3,10760,8.005731,0.8842682
4,10760,2.554401,3.7007647
5,10760,-5.7143073,5.9583054
6,10760,-3.253273,4.5315285
0,10800,7.2047286,-0.24901953
1,10800,3.9982626,6.990395
2,10800,8.782358,-0.4958275
3,10800,8.0417795,0.8899118
4,10800,2.4293497,3.7637107
5,10800,-5.757942,5.9925685
6,10800,-3.36844,4.55519
0,10840,7.184781,-0.2121508
1,10840,3.9982626,6.990395
2,10840,8.766284,-0.48564005
3,10840,8.083097,0.8926396
4,10840,2.3042984,3.8266568
5,10840,-5.78878,6.026556
6,10840,-3.474203,4.570168
0,10880,7.167167,-0.17421915
1,10880,3.9982626,6.990395
2,10880,8.751147,-0.47604686
3,10880,8.124467,0.8931426
4,10880,2.1792471,3.889603
5,10880,-5.806832,6.0599523
6,10880,-3.574149,4.580169
0,10920,7.151893,-0.13537875
1,10920,3.9982626,6.990395
2,10920,8.736894,-0.46701327
3,10920,8.165774,0.8914527
4,10920,2.054196,3.952549
5,10920,-5.8176374,6.091452
6,10920,-3.6740494,4.5906124
0,10960,7.138957,-0.095777795
1,10960,3.9982626,6.990395
2,10960,8.723471,-0.45850664
3,10960,8.206909,0.88760567
4,10960,1.9291447,4.015495
5,10960,-5.833529,6.120721
6,10960,-3.7739017,4.601507
0,11000,7.1283517,-0.055558734
1,11000,3.9982626,6.990395
2,11000,8.710832,-0.45049626
3,11000,8.2477665,0.8816404
4,11000,1.8040936,4.0784407
5,11000,-5.854026,6.1469755
6,11000,-3.8737025,4.6128635
0,11040,7.1200643,-0.0148585215
1,11040,3.9982626,6.990395
2,11040,8.686378,-0.44741118
3,11040,8.288245,0.8735989
4,11040,1.6790425,4.1413865
5,11040,-5.878537,6.169533
6,11040,-3.9734488,4.6246915
0,11080,7.114076,0.02619119
1,11080,3.9982626,6.990395
2,11080,8.650191,-0.44944507
3,11080,8.328248,0.8635261
4,11080,1.5539913,4.2043324
5,11080,-5.9063826,6.187822
6,11080,-4.0731363,4.6370015
0,11120,7.1103644,0.06746386
1,11120,3.9982626,6.990395
2,11120,8.602326,-0.4567172
3,11120,8.367682,0.8514698
4,11120,1.4289402,4.267278
5,11120,-5.93681,6.2013946
6,11120,-4.172762,4.6498046
0,11160,7.108902,0.108837865
1,11160,3.9982626,6.990395
2,11160,8.5556965,-0.46313426
3,11160,8.406459,0.83748025
4,11160,1.303889,4.330224
5,11160,-5.9690185,6.2099314
6,11160,-4.272321,4.6631126
0,11200,7.109658,0.15019631
1,11200,3.9982626,6.990395
2,11200,8.510278,-0.4686131
3,11200,8.444491,0.82161
4,11200,1.1788379,4.39317
5,11200,-5.989301,6.223117
6,11200,-4.37181,4.6769376
0,11240,7.1125965,0.19142687
1,11240,3.9982626,6.990395
2,11240,8.465962,-0.47311005
3,11240,8.481698,0.80391395
4,11240,1.0537868,4.4561157
5,11240,-5.9977427,6.2411637
6,11240,-4.471224,4.6912923
0,11280,7.11768,0.2324217
1,11280,3.9982626,6.990395
2,11280,8.422655,-0.47657534
3,11280,8.518001,0.7844492
4,11280,0.9287356,4.5190616
5,11280,-5.9975467,6.2620945
6,11280,-4.5705576,4.70619
0,11320,7.1248665,0.2730772
1,11320,3.9982626,6.990395
2,11320,8.380273,-0.47895336
3,11320,8.553325,0.76327485
4,11320,0.8036845,4.5820074
5,11320,-5.997362,6.281804
6,11320,-4.6698065,4.7216454
0,11360,7.1341114,0.3132939
1,11360,3.9982626,6.990395
2,11360,8.338746,-0.480183
3,11360,8.587599,0.74045175
4,11360,0.67863333,4.6449533
5,11360,-5.9971886,6.300364
6,11360,-4.7689643,4.737673
0,11400,7.1453676,0.3529765
1,11400,3.9982626,6.990395
2,11400,8.29802,-0.48019835
3,11400,8.620755,0.71604264
4,11400,0.5535822,4.707899
5,11400,-5.997025,6.317841
6,11400,-4.8680253,4.754288
0,11440,7.158585,0.39203358
1,11440,3.9982626,6.990395
2,11440,8.258057,-0.4789293
3,11440,8.652729,0.69011194
4,11440,0.42853102,4.770845
5,11440,-6.0082517,6.3411584
6,11440,-4.9669833,4.7715077
0,11480,7.1737113,0.43037757
1,11480,3.9982626,6.990395
2,11480,8.21883,-0.47630265
3,11480,8.68346,0.66272557
4,11480,0.30347985,4.833791
5,11480,-6.0313516,6.3692575
6,11480,-5.065831,4.789349
0,11520,7.190692,0.4679247
1,11520,3.9982626,6.990395
2,11520,8.180333,-0.472243
3,11520,8.712891,0.6339509
4,11520,0.1784287,4.8967366
5,11520,-6.0436234,6.3905306
6,11520,-5.1645613,4.807831
0,11560,7.20947,0.504595
1,11560,3.9982626,6.990395
2,11560,8.142575,-0.46667427
3,11560,8.740966,0.60385674
4,11560,0.05337754,4.9596825
5,11560,-6.0450854,6.404949
6,11560,-5.2631655,4.8269725
0,11600,7.2299857,0.5403119
1,11600,3.9982626,6.990395
2,11600,8.105584,-0.45952109
3,11600,8.767635,0.5725132
4,11600,-0.05887402,5.0225277
5,11600,-6.0358453,6.4123454
6,11600,-5.361635,4.8467946
0,11640,7.252179,0.5750026
1,11640,3.9982626,6.990395
2,11640,8.069406,-0.4507107
3,11640,8.792851,0.5399915
4,11640,-0.15832633,5.085233
5,11640,-6.016166,6.412335
6,11640,-5.4599605,4.86732
0,11680,7.2759876,0.6085979
1,11680,3.9982626,6.990395
2,11680,8.034103,-0.44017506
3,11680,8.816569,0.50636387
4,11680,-0.2449815,5.1476684
5,11680,-5.9867153,6.4040565
6,11680,-5.558131,4.888572
0,11720,7.3013463,0.6410318
1,11720,3.9982626,6.990395
2,11720,7.999762,-0.42785272
3,11720,8.838748,0.4717036
4,11720,-0.32405165,5.209613
5,11720,-5.953866,6.3902025
6,11720,-5.6561365,4.9105763
0,11760,7.32819,0.67224205
1,11760,3.9982626,6.990395
2,11760,7.966483,-0.41369173
3,11760,8.85935,0.43608487
4,11760,-0.40343246,5.2711587
5,11760,-5.9222307,6.3742733
6,11760,-5.7539635,4.93336
0,11800,7.3564506,0.70216966
1,11800,3.9982626,6.990395
2,11800,7.9343867,-0.3976519
3,11800,8.878342,0.39958265
4,11800,-0.48312953,5.3322945
5,11800,-5.891976,6.356258
6,11800,-5.8515983,4.9569526
0,11840,7.3860598,0.730759
1,11840,3.9982626,6.990395
2,11840,7.8982725,-0.3937652
3,11840,8.895691,0.3622726
4,11840,-0.5631486,5.3930078
5,11840,-5.863284,6.3361673
6,11840,-5.9490266,4.9813848
0,11880,7.4169474,0.75795794
1,11880,3.9982626,6.990395
2,11880,7.8567176,-0.40146464
3,11880,8.911369,0.3242309
4,11880,-0.64349574,5.4532866
5,11880,-5.83635,6.3140364
6,11880,-6.0462313,5.0066915
0,11920,7.4490423,0.78371745
1,11920,3.9982626,6.990395
2,11920,7.807289,-0.4175518
3,11920,8.925352,0.28553438
4,11920,-0.7241772,5.5131173
5,11920,-5.811379,6.289926
6,11920,-6.143194,5.0329094
0,11960,7.482272,0.8079921
1,11960,3.9982626,6.990395
2,11960,7.757441,-0.42737195
3,11960,8.937618,0.24626015
4,11960,-0.80519944,5.5724854
5,11960,-5.798959,6.268327
6,11960,-6.239895,5.060079
0,12000,7.5165634,0.8307396
1,12000,3.9982626,6.990395
2,12000,7.707854,-0.43138427
3,12000,8.94815,0.20648566
4,12000,-0.89900684,5.6312375
5,12000,-5.7989674,6.2497888
6,12000,-6.3363104,5.088244
0,12040,7.5518417,0.851921
1,12040,3.9982626,6.990395
2,12040,7.6590724,-0.4300387
3,12040,8.95693,0.16628855
4,12040,-1.0055875,5.6891627
5,12040,-5.810694,6.2352176
6,12040,-6.4324145,5.117453
0,12080,7.5880327,0.8715007
1,12080,3.9982626,6.990395
2,12080,7.611536,-0.4237695
3,12080,8.963948,0.1257466
4,12080,-1.124925,5.7460384
5,12080,-5.8217373,6.2214966
6,12080,-6.528178,5.147759
0,12120,7.62506,0.8894462
1,12120,3.9982626,6.990395
2,12120,7.565599,-0.41299212
3,12120,8.969195,0.084937535
4,12120,-1.2532506,5.8020077
5,12120,-5.832136,6.2085757
6,12120,-6.6235685,5.179221
0,12160,7.6628475,0.9057284
1,12160,3.9982626,6.990395
2,12160,7.5215464,-0.39810166
3,12160,8.972666,0.043939028
4,12160,-1.3815762,5.857977
5,12160,-5.841928,6.1964087
6,12160,-6.7185473,5.2119055
0,12200,7.7013187,0.9203214
1,12200,3.9982626,6.990395
2,12200,7.479607,-0.37947246
3,12200,8.974358,0.0028285086
4,12200,-1.5099018,5.913946
5,12200,-5.851149,6.184952
6,12200,-6.8130703,5.2458854
0,12240,7.7365694,0.9473026
1,12240,3.9982626,6.990395
2,12240,7.4399633,-0.35745835
3,12240,8.974271,-0.038316883
4,12240,-1.6382273,5.9699154
5,12240,-5.8598323,6.174163
6,12240,-6.900808,5.290719
0,12280,7.768531,0.986654
1,12280,3.9982626,6.990395
2,12280,7.402759,-0.33239314
3,12280,8.972409,-0.07942043
4,12280,-1.7665529,6.0258846
5,12280,-5.8680086,6.1640034
6,12280,-6.9817066,5.3463726
0,12320,7.797134,1.038357
1,12320,3.9982626,6.990395
2,12320,7.3681054,-0.30459157
3,12320,8.96878,-0.12040593
4,12320,-1.8948785,6.081854
5,12320,-5.875708,6.1544366
6,12320,-7.055798,5.4128656
0,12360,7.8223095,1.1023926
1,12360,3.9982626,6.990395
2,12360,7.3456345,-0.27286237
3,12360,8.960239,-0.14957069
4,12360,-2.023204,6.137823
5,12360,-5.8829584,6.1454277
6,12360,-7.1240587,5.479538
0,12400,7.8439865,1.1787407
1,12400,3.9982626,6.990395
2,12400,7.3354764,-0.23763655
3,12400,8.94698,-0.16683707
4,12400,-2.1515298,6.1937923
5,12400,-5.889786,6.1369443
6,12400,-7.1889896,5.542048
0,12440,7.8620934,1.267381
1,12440,3.9982626,6.990395
2,12440,7.312573,-0.20359083
3,12440,8.9380865,-0.17207076
4,12440,-2.2798555,6.2497616
5,12440,-5.896215,6.128956
6,12440,-7.2508397,5.6005983
0,12480,7.8765574,1.3682919
1,12480,3.9982626,6.990395
2,12480,7.286689,-0.16834518
3,12480,8.922341,-0.16649207
4,12480,-2.4081812,6.305731
5,12480,-5.902269,6.1214333
6,12480,-7.309849,5.6553717
0,12520,7.8873034,1.4814508
1,12520,3.9982626,6.990395
2,12520,7.263731,-0.13148808
3,12520,8.899892,-0.15000968
4,12520,-2.536507,6.3617
5,12520,-5.90797,6.11435
6,12520,-7.3662496,5.70653
0,12560,7.894254,1.6068343
1,12560,3.9982626,6.990395
2,12560,7.243697,-0.09326989
3,12560,8.881477,-0.1456749
4,12560,-2.6648326,6.4176693
5,12560,-5.913338,6.1076794
6,12560,-7.420268,5.7542157
0,12600,7.897331,1.7444174
1,12600,3.9982626,6.990395
2,12600,7.2265735,-0.053924985
3,12600,8.86459,-0.14288397
4,12600,-2.7931583,6.473638
5,12600,-5.9183936,6.101398
6,12600,-7.472125,5.7985463
0,12640,7.8996286,1.8843986
1,12640,3.9982626,6.990395
2,12640,7.212334,-0.013672929
3,12640,8.848687,-0.14025584
4,12640,-2.921484,6.5296073
5,12640,-5.923154,6.0954833
6,12640,-7.522037,5.839614
0,12680,7.901926,2.0243797
1,12680,3.9982626,6.990395
2,12680,7.2009444,0.027280524
3,12680,8.833712,-0.13778101
4,12680,-3.0485601,6.5850315
5,12680,-5.9276366,6.0899134
6,12680,-7.570218,5.8774815
0,12720,7.9042234,2.1643608
1,12720,3.9982626,6.990395
2,12720,7.192362,0.06874249
3,12720,8.81961,-0.13545056
4,12720,-3.1682236,6.6372223
5,12720,-5.9318576,6.0846686
6,12720,-7.6168795,5.912175
0,12760,7.906521,2.3043418
1,12760,3.9982626,6.990395
2,12760,7.1865363,0.110532075
3,12760,8.806331,-0.13325605
4,12760,-3.2809067,6.686369
5,12760,-5.9358325,6.0797296
6,12760,-7.662231,5.9436774
0,12800,7.9088182,2.4443228
1,12800,3.9982626,6.990395
2,12800,7.1834126,0.15247956
3,12800,8.793826,-0.13118955
4,12800,-3.3870165,6.7326484
5,12800,-5.9395757,6.0750785
6,12800,-7.7064805,5.9719124
0,12840,7.9111156,2.5843039
1,12840,3.9982626,6.990395
2,12840,7.18293,0.19442576
3,12840,8.782051,-0.12924361
4,12840,-3.4869368,6.7762284
5,12840,-5.9431005,6.0706987
6,12840,-7.74983,5.996727
0,12880,7.913413,2.724285
1,12880,3.9982626,6.990395
2,12880,7.1850243,0.23622124
3,12880,8.770963,-0.12741117
4,12880,-3.5810282,6.8172665
5,12880,-5.9464197,6.0665746
6,12880,-7.792467,6.017859
0,12920,7.9157104,2.864266
1,12920,3.9982626,6.990395
2,12920,7.1896267,0.27772576
3,12920,8.760522,-0.12568563
4,12920,-3.66232,6.8582544
5,12920,-5.9495454,6.062691
6,12920,-7.8345485,6.0348864
0,12960,7.918008,3.004247
1,12960,3.9982626,6.990395
2,12960,7.1966653,0.3188077
3,12960,8.7506895,-0.12406074
4,12960,-3.7308378,6.898422
5,12960,-5.9524884,6.0590343
6,12960,-7.8761506,6.047139
0,13000,7.9203053,3.144228
1,13000,3.9982626,6.990395
2,13000,7.206066,0.35934356
3,13000,8.741431,-0.12253065
4,13000,-3.786695,6.9367056
5,13000,-5.95526,6.0555906
6,13000,-7.9171567,6.0535436
0,13040,7.9226027,3.284209
1,13040,3.9982626,6.990395
2,13040,7.217752,0.39921755
3,13040,8.732713,-0.121089794
4,13040,-3.8303196,6.9712214
5,13040,-5.9578695,6.0523477
6,13040,-7.9569373,6.052328
0,13080,7.9249,3.42419
1,13080,3.9982626,6.990395
2,13080,7.2316446,0.43832102
3,13080,8.724503,-0.119733
4,13080,-3.8646946,6.9979177
5,13080,-5.960327,6.049294
6,13080,-7.993327,6.040484
0,13120,7.9271975,3.564171
1,13120,3.9982626,6.990395
2,13120,7.247663,0.4765522
3,13120,8.716771,-0.11845535
4,13120,-3.900583,7.019045
5,13120,-5.9626412,6.0464187
6,13120,-8.0221405,6.018323
0,13160,7.929495,3.704152
1,13160,3.9982626,6.990395
2,13160,7.2657256,0.51381576
3,13160,8.709491,-0.11725223
4,13160,-3.9261777,7.032564
5,13160,-5.9648204,6.0437107
6,13160,-8.050404,5.9985056
0,13200,7.9317923,3.8441331
1,13200,3.9982626,6.990395
2,13200,7.2857485,0.5500226
3,13200,8.702636,-0.1161193
4,13200,-3.941406,7.038575
5,13200,-5.9668727,6.041161
6,13200,-8.0811825,5.9912386
0,13240,7.9340897,3.9841142
1,13240,3.9982626,6.990395
2,13240,7.3076477,0.5850895
3,13240,8.69618,-0.115052454
4,13240,-3.9461455,7.0372496
5,13240,-5.9688053,6.03876
6,13240,-8.111245,5.987994
0,13280,7.936387,4.1240954
1,13280,3.9982626,6.990395
2,13280,7.331338,0.6189388
3,13280,8.690102,-0.11404784
4,13280,-3.949287,7.0350766
5,13280,-5.970625,6.036499
6,13280,-8.139554,5.984939
0,13320,7.9386845,4.2640767
1,13320,3.9982626,6.990395
2,13320,7.356733,0.6514982
3,13320,8.684378,-0.113101825
4,13320,-3.9522452,7.0330305
5,13320,-5.9723387,6.03437
6,13320,-8.166211,5.9820623
0,13360,7.940982,4.404058
1,13360,3.9982626,6.990395
2,13360,7.383746,0.6827006
3,13360,8.6789875,-0.11221099
4,13360,-3.955031,7.0311036
5,13360,-5.9739523,6.032365
6,13360,-8.191314,5.9793534
0,13400,7.9432793,4.5440392
1,13400,3.9982626,6.990395
2,13400,7.41229,0.7124837
3,13400,8.673911,-0.11137212
4,13400,-3.957654,7.0292892
5,13400,-5.975472,6.030477
6,13400,-8.2149515,5.9768023
0,13440,7.9455767,4.6840205
1,13440,3.9982626,6.990395
2,13440,7.4422774,0.74079025
3,13440,8.669131,-0.11058219
4,13440,-3.9601243,7.0275807
5,13440,-5.976903,6.0286994
6,13440,-8.23721,5.9744
0,13480,7.947874,4.824002
1,13480,3.9982626,6.990395
2,13480,7.47362,0.76756734
3,13480,8.66463,-0.10983834
4,13480,-3.9624503,7.025972
5,13480,-5.9782505,6.027025
6,13480,-8.258171,5.972138
0,13520,7.9501715,4.963983
1,13520,3.9982626,6.990395
2,13520,7.5062294,0.7927667
3,13520,8.660392,-0.10913788
4,13520,-3.9646406,7.024457
5,13520,-5.9795194,6.025449
6,13520,-8.277909,5.970008
0,13560,7.952469,5.1039643
1,13560,3.9982626,6.990395
2,13560,7.5400176,0.81634426
3,13560,8.656401,-0.10847828
4,13560,-3.9667032,7.0230303
5,13560,-5.980714,6.0239644
6,13560,-8.296495,5.968002
0,13600,7.9547663,5.2439456
1,13600,3.9982626,6.990395
2,13600,7.574896,0.83826023
3,13600,8.652642,-0.10785715
4,13600,-3.9686456,7.021687
5,13600,-5.9818387,6.0225663
6,13600,-8.313998,5.966113
0,13640,7.9570637,5.383927
1,13640,3.9982626,6.990395
2,13640,7.610776,0.8584789
3,13640,8.649103,-0.10727226
4,13640,-3.9704745,7.020422
5,13640,-5.982898,6.02125
6,13640,-8.33048,5.9643345
0,13680,7.959361,5.523908
1,13680,3.9982626,6.990395
2,13680,7.647569,0.8769685
3,13680,8.64577,-0.10672148
4,13680,-3.9721968,7.019231
5,13680,-5.983896,6.02001
6,13680,-8.346,5.9626594
0,13720,7.9616585,5.6638894
1,13720,3.9982626,6.990395
2,13720,7.685188,0.89370126
3,13720,8.642632,-0.10620284
4,13720,-3.9738188,7.018109
5,13720,-5.984835,6.0188427
6,13720,-8.360615,5.961082
0,13760,7.963956,5.8038707
1,13760,3.9982626,6.990395
2,13760,7.723544,0.9086531
3,13760,8.639676,-0.105714455
4,13760,-3.975346,7.0170527
5,13760,-5.9857197,6.0177436
6,13760,-8.374377,5.9595966
0,13800,7.9662533,5.943852
1,13800,3.9982626,6.990395
2,13800,7.7625504,0.92180365
3,13800,8.636893,-0.10525456
4,13800,-3.9767842,7.016058
5,13800,-5.9865527,6.0167084
6,13800,-8.387337,5.958198
0,13840,7.9685507,6.083833
1,13840,3.9982626,6.990395
2,13840,7.7913117,0.94262767
3,13840,8.634273,-0.10482149
4,13840,-3.9781384,7.0151215
5,13840,-5.987337,6.0157337
6,13840,-8.39954,5.956881
0,13880,7.970848,6.2238145
1,13880,3.9982626,6.990395
2,13880,7.8098006,0.9710881
3,13880,8.618998,-0.10631512
4,13880,-3.9794137,7.0142393
5,13880,-5.9880757,6.014816
6,13880,-8.411032,5.955641
0,13920,7.9786215,6.352226
1,13920,3.9982626,6.990395
2,13920,7.8179893,1.007148
3,13920,8.591063,-0.10969653
4,13920,-3.9806147,7.0134087
5,13920,-5.9887714,6.013952
6,13920,-8.421853,5.954473
0,13960,7.991776,6.4690237
1,13960,3.9982626,6.990395
2,13960,7.8158507,1.05077
3,13960,8.550448,-0.11483321
4,13960,-3.9817455,7.0126266
5,13960,-5.9894266,6.013138
6,13960,-8.432043,5.9533734
0,14000,8.00996,6.574051
1,14000,3.9982626,6.990395
2,14000,7.8033576,1.1019167
3,14000,8.497108,-0.121340044
4,14000,-3.9828103,7.01189
5,14000,-5.990043,6.0123715
6,14000,-8.441639,5.9523377
0,14040,8.029845,6.672508
1,14040,3.9982626,6.990395
2,14040,7.7804823,1.16055
3,14040,8.435724,-0.12753312
4,14040,-3.983813,7.011196
5,14040,-5.990624,6.01165
6,14040,-8.450675,5.9513626
0,14080,8.0482025,6.7712607
1,14080,3.9982626,6.990395
2,14080,7.747197,1.2266315
3,14080,8.377353,-0.13188377
4,14080,-3.9847572,7.010543
5,14080,-5.991171,6.0109706
6,14080,-8.459184,5.950444
0,14120,8.058996,6.859688
1,14120,3.9982626,6.990395
2,14120,7.703474,1.3001223
3,14120,8.321823,-0.134269
4,14120,-3.9856462,7.0099277
5,14120,-5.991686,6.0103307
6,14120,-8.4671955,5.9495797
0,14160,8.062816,6.9373817
1,14160,3.9982626,6.990395
2,14160,7.6492853,1.3809823
3,14160,8.268996,-0.13452014
4,14160,-3.9864836,7.009349
5,14160,-5.992171,6.009728
6,14160,-8.47474,5.9487653
0,14200,8.054678,7.019644
1,14200,3.9982626,6.990395
2,14200,7.5846024,1.4691709
3,14200,8.218778,-0.13240835
4,14200,-3.987272,7.0088034
5,14200,-5.9926276,6.0091605
6,14200,-8.481845,5.9479985
0,14240,8.033831,7.1034245
1,14240,3.9982626,6.990395
2,14240,7.513723,1.5461595
3,14240,8.17114,-0.12762354
4,14240,-3.9880145,7.00829
5,14240,-5.9930577,6.008626
6,14240,-8.488535,5.9472766
0,14280,8.010232,7.1832447
1,14280,3.9982626,6.990395
2,14280,7.436651,1.6119456
3,14280,8.12616,-0.11974336
4,14280,-3.9887135,7.0078063
5,14280,-5.9934626,6.008123
6,14280,-8.494835,5.9465966
0,14320,7.9887094,7.2589445
1,14320,3.9982626,6.990395
2,14320,7.357264,1.6734834
3,14320,8.0841,-0.10818669
4,14320,-3.9893718,7.007351
5,14320,-5.993844,6.007649
6,14320,-8.500768,5.945956
0,14360,7.969229,7.3307986
1,14360,3.9982626,6.990395
2,14360,7.27803,1.7352179
3,14360,8.045573,-0.09214631
4,14360,-3.9899917,7.0069222
5,14360,-5.993844,6.007649
6,14360,-8.506354,5.9453535
0,14400,7.951774,7.399066
1,14400,3.9982626,6.990395
2,14400,7.1989512,1.7971512
3,14400,8.011922,-0.07051019
4,14400,-3.9905756,7.0065184
5,14400,-5.993844,6.007649
6,14400,-8.511615,5.9447856
0,14440,7.936346,7.463991
1,14440,3.9982626,6.990395
2,14440,7.1200304,1.8592854
3,14440,7.9862213,-0.041907497
4,14440,-3.9911253,7.0061383
5,14440,-5.993844,6.007649
6,14440,-8.516568,5.944251
0,14480,7.9229693,7.5258026
1,14480,3.9982626,6.990395
2,14480,7.0412693,1.9216224
3,14480,7.969631,-0.022296054
4,14480,-3.991643,7.00578
5,14480,-5.993844,6.007649
6,14480,-8.521233,5.9437475
0,14520,7.911697,7.584712
1,14520,3.9982626,6.990395
2,14520,6.9626713,1.9841644
3,14520,7.9621043,-0.011722978
4,14520,-3.9921305,7.005443
5,14520,-5.993844,6.007649
6,14520,-8.525625,5.9432735
0,14560,7.9026146,7.640912
1,14560,3.9982626,6.990395
2,14560,6.8842382,2.0469134
3,14560,7.963558,-0.010270627
4,14560,-3.9921305,7.005443
5,14560,-5.993844,6.007649
6,14560,-8.529761,5.942827
0,14600,7.8958516,7.694572
1,14600,3.9982626,6.990395
2,14600,6.805973,2.1098719
3,14600,7.965684,-0.009671507
4,14600,-3.9921305,7.005443
5,14600,-5.993844,6.007649
6,14600,-8.533656,5.9424067
0,14640,7.891594,7.7458286
1,14640,3.9982626,6.990395
2,14640,6.7278786,2.1730418
3,14640,7.9676857,-0.009107336
4,14640,-3.9921305,7.005443
5,14640,-5.993844,6.007649
6,14640,-8.537324,5.942011
0,14680,7.890103,7.7947717
1,14680,3.9982626,6.990395
2,14680,6.6499577,2.2364256
3,14680,7.9695706,-0.008576076
4,14680,-3.9921305,7.005443
5,14680,-5.993844,6.007649
6,14680,-8.540778,5.941638
0,14720,7.8917446,7.841417
1,14720,3.9982626,6.990395
2,14720,6.572213,2.3000257
3,14720,7.971346,-0.008075804
4,14720,-3.9921305,7.005443
5,14720,-5.993844,6.007649
6,14720,-8.544031,5.941287
0,14760,7.8970327,7.8856525
1,14760,3.9982626,6.990395
2,14760,6.494648,2.3638444
3,14760,7.973017,-0.007604716
4,14760,-3.9921305,7.005443
5,14760,-5.993844,6.007649
6,14760,-8.547094,5.9409566
0,14800,7.906699,7.9271307
1,14800,3.9982626,6.990395
2,14800,6.4172654,2.427884
3,14800,7.9745913,-0.0071611074
4,14800,-3.9921305,7.005443
5,14800,-5.993844,6.007649
6,14800,-8.549978,5.940645
0,14840,7.921795,7.965024
1,14840,3.9982626,6.990395
2,14840,6.3400683,2.4921474
3,14840,7.9760733,-0.006743376
4,14840,-3.9921305,7.005443
5,14840,-5.993844,6.007649
6,14840,-8.552694,5.940352
0,14880,7.943806,7.9974046
1,14880,3.9982626,6.990395
2,14880,6.26306,2.556637
3,14880,7.977469,-0.0063500125
4,14880,-3.9921305,7.005443
5,14880,-5.993844,6.007649
6,14880,-8.555252,5.940076
0,14920,7.959385,8.018719
1,14920,3.9982626,6.990395
2,14920,6.186244,2.6213555
3,14920,7.978783,-0.0059795952
4,14920,-3.9921305,7.005443
5,14920,-5.993844,6.007649
6,14920,-8.55766,5.939816
0,14960,7.968463,8.029006
1,14960,3.9982626,6.990395
2,14960,6.1096234,2.6863055
3,14960,7.980021,-0.0056307856
4,14960,-3.9921305,7.005443
5,14960,-5.993844,6.007649
6,14960,-8.559928,5.9395714
0,15000,7.9709215,8.028338
1,15000,3.9982626,6.990395
2,15000,6.033202,2.7514899
3,15000,7.9811864,-0.005302323
4,15000,-3.9921305,7.005443
5,15000,-5.993844,6.007649
6,15000,-8.562063,5.939341
0,15040,7.9726176,8.026686
1,15040,3.9982626,6.990395
2,15040,5.956984,2.8169115
3,15040,7.982284,-0.004993021
4,15040,-3.9921305,7.005443
5,15040,-5.993844,6.007649
6,15040,-8.5640745,5.939124
0,15080,7.974215,8.025129
1,15080,3.9982626,6.990395
2,15080,5.880973,2.8825731
3,15080,7.9833174,-0.0047017615
4,15080,-3.9921305,7.005443
5,15080,-5.993844,6.007649
6,15080,-8.5659685,5.9389195
0,15120,7.975719,8.0236635
1,15120,3.9982626,6.990395
2,15120,5.8051724,2.948478
3,15120,7.9842906,-0.004427492
4,15120,-3.9921305,7.005443
5,15120,-5.993844,6.007649
6,15120,-8.567752,5.938727
0,15160,7.977135,8.022284
1,15160,3.9982626,6.990395
2,15160,5.7295866,3.0146291
3,15160,7.985207,-0.004169222
4,15160,-3.9921305,7.005443
5,15160,-5.993844,6.007649
6,15160,-8.569431,5.9385457
0,15200,7.978469,8.020984
1,15200,3.9982626,6.990395
2,15200,5.6542196,3.0810297
3,15200,7.98607,-0.0039260173
4,15200,-3.9921305,7.005443
5,15200,-5.993844,6.007649
6,15200,-8.5710125,5.938375
0,15240,7.979725,8.019759
1,15240,3.9982626,6.990395
2,15240,5.5790763,3.1476827
3,15240,7.9868827,-0.0036969997
4,15240,-3.9921305,7.005443
5,15240,-5.993844,6.007649
6,15240,-8.572501,5.9382143
0,15280,7.9809074,8.018606
1,15280,3.9982626,6.990395
2,15280,5.504161,3.2145917
3,15280,7.987648,-0.0034813415
4,15280,-3.9921305,7.005443
5,15280,-5.993844,6.007649
6,15280,-8.573903,5.938063
0,15320,7.9820213,8.017521
1,15320,3.9982626,6.990395
2,15320,5.4294777,3.2817602
3,15320,7.9883685,-0.0032782634
4,15320,-3.9921305,7.005443
5,15320,-5.993844,6.007649
6,15320,-8.575223,5.9379206
0,15360,7.98307,8.016499
1,15360,3.9982626,6.990395
2,15360,5.355032,3.3491917
3,15360,7.989047,-0.0030870314
4,15360,-3.9921305,7.005443
5,15360,-5.993844,6.007649
6,15360,-8.576467,5.9377866
0,15400,7.9840574,8.015536
1,15400,3.9982626,6.990395
2,15400,5.2808285,3.41689
3,15400,7.989686,-0.0029069546
4,15400,-3.9921305,7.005443
5,15400,-5.993844,6.007649
6,15400,-8.577638,5.93766
0,15440,7.9849873,8.01463
1,15440,3.9982626,6.990395
2,15440,5.2068725,3.4848585
3,15440,7.990288,-0.0027373822
4,15440,-3.9921305,7.005443
5,15440,-5.993844,6.007649
6,15440,-8.57874,5.937541
0,15480,7.985863,8.013777
1,15480,3.9982626,6.990395
2,15480,5.1331697,3.5531013
3,15480,7.9908543,-0.0025777016
4,15480,-3.9921305,7.005443
5,15480,-5.993844,6.007649
6,15480,-8.579779,5.937429
0,15520,7.9866877,8.012973
1,15520,3.9982626,6.990395
2,15520,5.0597253,3.6216223
3,15520,7.9908543,-0.0025777016
4,15520,-3.9921305,7.005443
5,15520,-5.993844,6.007649
6,15520,-8.580756,5.9373236
0,15560,7.9874644,8.012216
1,15560,3.9982626,6.990395
2,15560,4.9865456,3.6904259
3,15560,7.9908543,-0.0025777016
4,15560,-3.9921305,7.005443
5,15560,-5.993844,6.007649
6,15560,-8.5816765,5.9372244
0,15600,7.988196,8.011503
1,15600,3.9982626,6.990395
2,15600,4.913636,3.759516
3,15600,7.9908543,-0.0025777016
4,15600,-3.9921305,7.005443
5,15600,-5.993844,6.007649
6,15600,-8.582543,5.937131
0,15640,7.9888844,8.010832
1,15640,3.9982626,6.990395
2,15640,4.841004,3.828897
3,15640,7.9908543,-0.0025777016
4,15640,-3.9921305,7.005443
5,15640,-5.993844,6.007649
6,15640,-8.58336,5.9370427
0,15680,7.989533,8.0102
1,15680,3.9982626,6.990395
2,15680,4.768655,3.8985734
3,15680,7.9908543,-0.0025777016
4,15680,-3.9921305,7.005443
5,15680,-5.993844,6.007649
6,15680,-8.584128,5.9369597
0,15720,7.9901433,8.009604
1,15720,3.9982626,6.990395
2,15720,4.696596,3.9685502
3,15720,7.9908543,-0.0025777016
4,15720,-3.9921305,7.005443
5,15720,-5.993844,6.007649
6,15720,-8.584852,5.9368815
0,15760,7.9907184,8.009045
1,15760,3.9982626,6.990395
2,15760,4.624835,4.0388317
3,15760,7.9908543,-0.0025777016
4,15760,-3.9921305,7.005443
5,15760,-5.993844,6.007649
6,15760,-8.585534,5.936808
0,15800,7.9912596,8.008517
1,15800,3.9982626,6.990395
2,15800,4.5533786,4.1094236
3,15800,7.9908543,-0.0025777016
4,15800,-3.9921305,7.005443
5,15800,-5.993844,6.007649
6,15800,-8.586176,5.936739
0,15840,7.9917693,8.00802
1,15840,3.9982626,6.990395
2,15840,4.482235,4.1803308
3,15840,7.9908543,-0.0025777016
4,15840,-3.9921305,7.005443
5,15840,-5.993844,6.007649
6,15840,-8.586781,5.9366736
0,15880,7.9922495,8.007552
1,15880,3.9982626,6.990395
2,15880,4.4114122,4.2515583
3,15880,7.9908543,-0.0025777016
4,15880,-3.9921305,7.005443
5,15880,-5.993844,6.007649
6,15880,-8.58735,5.936612
0,15920,7.9927015,8.007112
1,15920,3.9982626,6.990395
2,15920,4.340919,4.323112
3,15920,7.9908543,-0.0025777016
4,15920,-3.9921305,7.005443
5,15920,-5.993844,6.007649
6,15920,-8.587886,5.9365544
0,15960,7.9931273,8.006697
1,15960,3.9982626,6.990395
2,15960,4.2707644,4.3949976
3,15960,7.9908543,-0.0025777016
4,15960,-3.9921305,7.005443
5,15960,-5.993844,6.007649
6,15960,-8.58839,5.9365
0,16000,7.9931273,8.006697
1,16000,3.9982626,6.990395
2,16000,4.200958,4.4672213
3,16000,7.9908543,-0.0025777016
4,16000,-3.9921305,7.005443
5,16000,-5.993844,6.007649
6,16000,-8.588865,5.9364486
0,16040,7.9931273,8.006697
1,16040,3.9982626,6.990395
2,16040,4.131509,4.5397887
3,16040,7.9908543,-0.0025777016
4,16040,-3.9921305,7.005443
5,16040,-5.993844,6.007649
6,16040,-8.589313,5.9364004
0,16080,7.9931273,8.006697
1,16080,3.9982626,6.990395
2,16080,4.0624285,4.612707
3,16080,7.9908543,-0.0025777016
4,16080,-3.9921305,7.005443
5,16080,-5.993844,6.007649
6,16080,-8.589734,5.936355
0,16120,7.9931273,8.006697
1,16120,3.9982626,6.990395
2,16120,3.9937272,4.6859827
3,16120,7.9908543,-0.0025777016
4,16120,-3.9921305,7.005443
5,16120,-5.993844,6.007649
6,16120,-8.590131,5.936312
0,16160,7.9931273,8.006697
1,16160,3.9982626,6.990395
2,16160,3.9254167,4.7596226
3,16160,7.9908543,-0.0025777016
4,16160,-3.9921305,7.005443
5,16160,-5.993844,6.007649
6,16160,-8.590505,5.9362717
0,16200,7.9931273,8.006697
1,16200,3.9982626,6.990395
2,16200,3.8575091,4.8336344
3,16200,7.9908543,-0.0025777016
4,16200,-3.9921305,7.005443
5,16200,-5.993844,6.007649
6,16200,-8.590857,5.9362335
0,16240,7.9931273,8.006697
1,16240,3.9982626,6.990395
2,16240,3.7900174,4.9080257
3,16240,7.9908543,-0.0025777016
4,16240,-3.9921305,7.005443
5,16240,-5.993844,6.007649
6,16240,-8.5911875,5.9361978
0,16280,7.9931273,8.006697
1,16280,3.9982626,6.990395
2,16280,3.722955,4.9828043
3,16280,7.9908543,-0.0025777016
4,16280,-3.9921305,7.005443
5,16280,-5.993844,6.007649
6,16280,-8.591499,5.936164
0,16320,7.9931273,8.006697
1,16320,3.9982626,6.990395
2,16320,3.6563365,5.0579786
3,16320,7.9908543,-0.0025777016
4,16320,-3.9921305,7.005443
5,16320,-5.993844,6.007649
6,16320,-8.591793,5.9361324
0,16360,7.9931273,8.006697
1,16360,3.9982626,6.990395
2,16360,3.5901775,5.1335573
3,16360,7.9908543,-0.0025777016
4,16360,-3.9921305,7.005443
5,16360,-5.993844,6.007649
6,16360,-8.59207,5.9361024
0,16400,7.9931273,8.006697
1,16400,3.9982626,6.990395
2,16400,3.5244942,5.20955
3,16400,7.9908543,-0.0025777016
4,16400,-3.9921305,7.005443
5,16400,-5.993844,6.007649
6,16400,-8.59233,5.9360743
0,16440,7.9931273,8.006697
1,16440,3.9982626,6.990395
2,16440,3.4593039,5.285966
3,16440,7.9908543,-0.0025777016
4,16440,-3.9921305,7.005443
5,16440,-5.993844,6.007649
6,16440,-8.592575,5.9360476
0,16480,7.9931273,8.006697
1,16480,3.9982626,6.990395
2,16480,3.394625,5.3628154
3,16480,7.9908543,-0.0025777016
4,16480,-3.9921305,7.005443
5,16480,-5.993844,6.007649
6,16480,-8.592806,5.9360228
0,16520,7.9931273,8.006697
1,16520,3.9982626,6.990395
2,16520,3.3304777,5.4401093
3,16520,7.9908543,-0.0025777016
4,16520,-3.9921305,7.005443
5,16520,-5.993844,6.007649
6,16520,-8.593023,5.9359994
0,16560,7.9931273,8.006697
1,16560,3.9982626,6.990395
2,16560,3.2668831,5.5178585
3,16560,7.9908543,-0.0025777016
4,16560,-3.9921305,7.005443
5,16560,-5.993844,6.007649
6,16560,-8.593228,5.9359775
0,16600,7.9931273,8.006697
1,16600,3.9982626,6.990395
2,16600,3.2038643,5.596075
3,16600,7.9908543,-0.0025777016
4,16600,-3.9921305,7.005443
5,16600,-5.993844,6.007649
6,16600,-8.593421,5.9359565
0,16640,7.9931273,8.006697
1,16640,3.9982626,6.990395
2,16640,3.1409354,5.6870914
3,16640,7.9908543,-0.0025777016
4,16640,-3.9921305,7.005443
5,16640,-5.993844,6.007649
6,16640,-8.593603,5.935937
0,16680,7.9931273,8.006697
1,16680,3.9982626,6.990395
2,16680,3.0783746,5.790902
3,16680,7.9908543,-0.0025777016
4,16680,-3.9921305,7.005443
5,16680,-5.993844,6.007649
6,16680,-8.593774,5.9359183
0,16720,7.9931273,8.006697
1,16720,3.9982626,6.990395
2,16720,3.01648,5.9074955
3,16720,7.9908543,-0.0025777016
4,16720,-3.9921305,7.005443
5,16720,-5.993844,6.007649
6,16720,-8.593935,5.935901
0,16760,7.9931273,8.006697
1,16760,3.9982626,6.990395
2,16760,2.9553075,6.033424
3,16760,7.9908543,-0.0025777016
4,16760,-3.9921305,7.005443
5,16760,-5.993844,6.007649
6,16760,-8.594087,5.935885
0,16800,7.9931273,8.006697
1,16800,3.9982626,6.990395
2,16800,2.894135,6.1593523
3,16800,7.9908543,-0.0025777016
4,16800,-3.9921305,7.005443
5,16800,-5.993844,6.007649
6,16800,-8.59423,5.9358697
0,16840,7.9931273,8.006697
1,16840,3.9982626,6.990395
2,16840,2.8329625,6.2852807
3,16840,7.9908543,-0.0025777016
4,16840,-3.9921305,7.005443
5,16840,-5.993844,6.007649
6,16840,-8.594364,5.9358554
0,16880,7.9931273,8.006697
1,16880,3.9982626,6.990395
2,16880,2.77179,6.411209
3,16880,7.9908543,-0.0025777016
4,16880,-3.9921305,7.005443
5,16880,-5.993844,6.007649
6,16880,-8.594491,5.9358416
0,16920,7.9931273,8.006697
1,16920,3.9982626,6.990395
2,16920,2.7106175,6.5371375
3,16920,7.9908543,-0.0025777016
4,16920,-3.9921305,7.005443
5,16920,-5.993844,6.007649
6,16920,-8.59461,5.9358287
0,16960,7.9931273,8.006697
1,16960,3.9982626,6.990395
2,16960,2.649365,6.650266
3,16960,7.9908543,-0.0025777016
4,16960,-3.9921305,7.005443
5,16960,-5.993844,6.007649
6,16960,-8.594723,5.935817
0,17000,7.9931273,8.006697
1,17000,3.9982626,6.990395
2,17000,2.588147,6.7505946
3,17000,7.9908543,-0.0025777016
4,17000,-3.9921305,7.005443
5,17000,-5.993844,6.007649
6,17000,-8.594829,5.9358053
0,17040,7.9931273,8.006697
1,17040,3.9982626,6.990395
2,17040,2.5273933,6.8381314
3,17040,7.9908543,-0.0025777016
4,17040,-3.9921305,7.005443
5,17040,-5.993844,6.007649
6,17040,-8.594928,5.9357944
0,17080,7.9931273,8.006697
1,17080,3.9982626,6.990395
2,17080,2.4680238,6.9191527
3,17080,7.9908543,-0.0025777016
4,17080,-3.9921305,7.005443
5,17080,-5.993844,6.007649
6,17080,-8.595021,5.9357843
0,17120,7.9931273,8.006697
1,17120,3.9982626,6.990395
2,17120,2.4105923,7.0000114
3,17120,7.9908543,-0.0025777016
4,17120,-3.9921305,7.005443
5,17120,-5.993844,6.007649
6,17120,-8.59511,5.935775
0,17160,7.9931273,8.006697
1,17160,3.9982626,6.990395
2,17160,2.3568554,7.0767236
3,17160,7.9908543,-0.0025777016
4,17160,-3.9921305,7.005443
5,17160,-5.993844,6.007649
6,17160,-8.595193,5.9357657
0,17200,7.9931273,8.006697
1,17200,3.9982626,6.990395
2,17200,2.3066416,7.149576
3,17200,7.9908543,-0.0025777016
4,17200,-3.9921305,7.005443
5,17200,-5.993844,6.007649
6,17200,-8.595271,5.935757
0,17240,7.9931273,8.006697
1,17240,3.9982626,6.990395
2,17240,2.2597966,7.218843
3,17240,7.9908543,-0.0025777016
4,17240,-3.9921305,7.005443
5,17240,-5.993844,6.007649
6,17240,-8.595345,5.935749
0,17280,7.9931273,8.006697
1,17280,3.9982626,6.990395
2,17280,2.2161846,7.2847867
3,17280,7.9908543,-0.0025777016
4,17280,-3.9921305,7.005443
5,17280,-5.993844,6.007649
6,17280,-8.595414,5.9357414
0,17320,7.9931273,8.006697
1,17320,3.9982626,6.990395
2,17320,2.1756885,7.3476596
3,17320,7.9908543,-0.0025777016
4,17320,-3.9921305,7.005443
5,17320,-5.993844,6.007649
6,17320,-8.59548,5.9357343
0,17360,7.9931273,8.006697
1,17360,3.9982626,6.990395
2,17360,2.1382117,7.4077044
3,17360,7.9908543,-0.0025777016
4,17360,-3.9921305,7.005443
5,17360,-5.993844,6.007649
6,17360,-8.595542,5.9357276
0,17400,7.9931273,8.006697
1,17400,3.9982626,6.990395
2,17400,2.1036806,7.4651546
3,17400,7.9908543,-0.0025777016
4,17400,-3.9921305,7.005443
5,17400,-5.993844,6.007649
6,17400,-8.5956,5.9357214
0,17440,7.9931273,8.006697
1,17440,3.9982626,6.990395
2,17440,2.0720475,7.520237
3,17440,7.9908543,-0.0025777016
4,17440,-3.9921305,7.005443
5,17440,-5.993844,6.007649
6,17440,-8.5956545,5.9357157
0,17480,7.9931273,8.006697
1,17480,3.9982626,6.990395
2,17480,2.0432951,7.5731697
3,17480,7.9908543,-0.0025777016
4,17480,-3.9921305,7.005443
5,17480,-5.993844,6.007649
6,17480,-8.595706,5.93571
0,17520,7.9931273,8.006697
1,17520,3.9982626,6.990395
2,17520,2.0174446,7.624163
3,17520,7.9908543,-0.0025777016
4,17520,-3.9921305,7.005443
5,17520,-5.993844,6.007649
6,17520,-8.595755,5.9357047
0,17560,7.9931273,8.006697
1,17560,3.9982626,6.990395
2,17560,1.9945638,7.673418
3,17560,7.9908543,-0.0025777016
4,17560,-3.9921305,7.005443
5,17560,-5.993844,6.007649
6,17560,-8.5958,5.9357
0,17600,7.9931273,8.006697
1,17600,3.9982626,6.990395
2,17600,1.9747826,7.7211227
3,17600,7.9908543,-0.0025777016
4,17600,-3.9921305,7.005443
5,17600,-5.993844,6.007649
6,17600,-8.595843,5.935695
0,17640,7.9931273,8.006697
1,17640,3.9982626,6.990395
2,17640,1.9583148,7.7674437
3,17640,7.9908543,-0.0025777016
4,17640,-3.9921305,7.005443
5,17640,-5.993844,6.007649
6,17640,-8.595883,5.935691
0,17680,7.9931273,8.006697
1,17680,3.9982626,6.990395
2,17680,1.9454925,7.8125105
3,17680,7.9908543,-0.0025777016
4,17680,-3.9921305,7.005443
5,17680,-5.993844,6.007649
6,17680,-8.5959215,5.9356866
0,17720,7.9931273,8.006697
1,17720,3.9982626,6.990395
2,17720,1.9368222,7.8563805
3,17720,7.9908543,-0.0025777016
4,17720,-3.9921305,7.005443
5,17720,-5.993844,6.007649
6,17720,-8.595958,5.935683
0,17760,7.9931273,8.006697
1,17760,3.9982626,6.990395
2,17760,1.933078,7.8989606
3,17760,7.9908543,-0.0025777016
4,17760,-3.9921305,7.005443
5,17760,-5.993844,6.007649
6,17760,-8.595991,5.935679
0,17800,7.9931273,8.006697
1,17800,3.9982626,6.990395
2,17800,1.935466,7.9398217
3,17800,7.9908543,-0.0025777016
4,17800,-3.9921305,7.005443
5,17800,-5.993844,6.007649
6,17800,-8.596023,5.9356756
0,17840,7.9931273,8.006697
1,17840,3.9982626,6.990395
2,17840,1.945909,7.9776893
3,17840,7.9908543,-0.0025777016
4,17840,-3.9921305,7.005443
5,17840,-5.993844,6.007649
6,17840,-8.596052,5.9356723
0,17880,7.9931273,8.006697
1,17880,3.9982626,6.990395
2,17880,1.9672734,8.008881
3,17880,7.9908543,-0.0025777016
4,17880,-3.9921305,7.005443
5,17880,-5.993844,6.007649
6,17880,-8.596081,5.9356694
0,17920,7.9931273,8.006697
1,17920,3.9982626,6.990395
2,17920,1.9819438,8.029162
3,17920,7.9908543,-0.0025777016
4,17920,-3.9921305,7.005443
5,17920,-5.993844,6.007649
6,17920,-8.5961075,5.9356666
0,17960,7.9931273,8.006697
1,17960,3.9982626,6.990395
2,17960,1.9898738,8.038563
3,17960,7.9908543,-0.0025777016
4,17960,-3.9921305,7.005443
5,17960,-5.993844,6.007649
6,17960,-8.596132,5.9356637
0,18000,7.9931273,8.006697
1,18000,3.9982626,6.990395
2,18000,1.9909809,8.037133
3,18000,7.9908543,-0.0025777016
4,18000,-3.9921305,7.005443
5,18000,-5.993844,6.007649
6,18000,-8.596156,5.9356613
0,18040,7.9931273,8.006697
1,18040,3.9982626,6.990395
2,18040,1.9915069,8.034967
3,18040,7.9908543,-0.0025777016
4,18040,-3.9921305,7.005443
5,18040,-5.993844,6.007649
6,18040,-8.596178,5.935659
0,18080,7.9931273,8.006697
1,18080,3.9982626,6.990395
2,18080,1.9920024,8.0329275
3,18080,7.9908543,-0.0025777016
4,18080,-3.9921305,7.005443
5,18080,-5.993844,6.007649
6,18080,-8.596199,5.9356565
0,18120,7.9931273,8.006697
1,18120,3.9982626,6.990395
2,18120,1.992469,8.031007
3,18120,7.9908543,-0.0025777016
4,18120,-3.9921305,7.005443
5,18120,-5.993844,6.007649
6,18120,-8.596219,5.9356546
0,18160,7.9931273,8.006697
1,18160,3.9982626,6.990395
2,18160,1.9929082,8.029198
3,18160,7.9908543,-0.0025777016
4,18160,-3.9921305,7.005443
5,18160,-5.993844,6.007649
6,18160,-8.596237,5.9356527
0,18200,7.9931273,8.006697
1,18200,3.9982626,6.990395
2,18200,1.9933219,8.027494
3,18200,7.9908543,-0.0025777016
4,18200,-3.9921305,7.005443
5,18200,-5.993844,6.007649
6,18200,-8.596254,5.935651
0,18240,7.9931273,8.006697
1,18240,3.9982626,6.990395
2,18240,1.9937115,8.02589
3,18240,7.9908543,-0.0025777016
4,18240,-3.9921305,7.005443
5,18240,-5.993844,6.007649
6,18240,-8.596271,5.935649
0,18280,7.9931273,8.006697
1,18280,3.9982626,6.990395
2,18280,1.9940783,8.02438
3,18280,7.9908543,-0.0025777016
4,18280,-3.9921305,7.005443
5,18280,-5.993844,6.007649
6,18280,-8.596286,5.935647
0,18320,7.9931273,8.006697
1,18320,3.9982626,6.990395
2,18320,1.9944237,8.022958
3,18320,7.9908543,-0.0025777016
4,18320,-3.9921305,7.005443
5,18320,-5.993844,6.007649
6,18320,-8.5963,5.9356456
0,18360,7.9931273,8.006697
1,18360,3.9982626,6.990395
2,18360,1.9947491,8.021619
3,18360,7.9908543,-0.0025777016
4,18360,-3.9921305,7.005443
5,18360,-5.993844,6.007649
6,18360,-8.596313,5.935644
0,18400,7.9931273,8.006697
1,18400,3.9982626,6.990395
2,18400,1.9950553,8.020358
3,18400,7.9908543,-0.0025777016
4,18400,-3.9921305,7.005443
5,18400,-5.993844,6.007649
6,18400,-8.596327,5.9356427
0,18440,7.9931273,8.006697
1,18440,3.9982626,6.990395
2,18440,1.9953438,8.019171
3,18440,7.9908543,-0.0025777016
4,18440,-3.9921305,7.005443
5,18440,-5.993844,6.007649
6,18440,-8.596339,5.9356413
0,18480,7.9931273,8.006697
1,18480,3.9982626,6.990395
2,18480,1.9956154,8.018052
3,18480,7.9908543,-0.0025777016
4,18480,-3.9921305,7.005443
5,18480,-5.993844,6.007649
6,18480,-8.596351,5.93564
0,18520,7.9931273,8.006697
1,18520,3.9982626,6.990395
2,18520,1.9958712,8.016999
3,18520,7.9908543,-0.0025777016
4,18520,-3.9921305,7.005443
5,18520,-5.993844,6.007649
6,18520,-8.596361,5.935639
0,18560,7.9931273,8.006697
1,18560,3.9982626,6.990395
2,18560,1.996112,8.016007
3,18560,7.9908543,-0.0025777016
4,18560,-3.9921305,7.005443
5,18560,-5.993844,6.007649
6,18560,-8.596372,5.935638
0,18600,7.9931273,8.006697
1,18600,3.9982626,6.990395
2,18600,1.9963388,8.015074
3,18600,7.9908543,-0.0025777016
4,18600,-3.9921305,7.005443
5,18600,-5.993844,6.007649
6,18600,-8.596381,5.935637
0,18640,7.9931273,8.006697
1,18640,3.9982626,6.990395
2,18640,1.9965525,8.0141945
3,18640,7.9908543,-0.0025777016
4,18640,-3.9921305,7.005443
5,18640,-5.993844,6.007649
6,18640,-8.59639,5.935636
0,18680,7.9931273,8.006697
1,18680,3.9982626,6.990395
2,18680,1.9967536,8.013367
3,18680,7.9908543,-0.0025777016
4,18680,-3.9921305,7.005443
5,18680,-5.993844,6.007649
6,18680,-8.596398,5.935635
0,18720,7.9931273,8.006697
1,18720,3.9982626,6.990395
2,18720,1.996943,8.012587
3,18720,7.9908543,-0.0025777016
4,18720,-3.9921305,7.005443
5,18720,-5.993844,6.007649
6,18720,-8.596406,5.935634
0,18760,7.9931273,8.006697
1,18760,3.9982626,6.990395
2,18760,1.9971213,8.011852
3,18760,7.9908543,-0.0025777016
4,18760,-3.9921305,7.005443
5,18760,-5.993844,6.007649
6,18760,-8.596414,5.935633
0,18800,7.9931273,8.006697
1,18800,3.9982626,6.990395
2,18800,1.9972893,8.011161
3,18800,7.9908543,-0.0025777016
4,18800,-3.9921305,7.005443
5,18800,-5.993844,6.007649
6,18800,-8.59642,5.935632
0,18840,7.9931273,8.006697
1,18840,3.9982626,6.990395
2,18840,1.9974474,8.0105095
3,18840,7.9908543,-0.0025777016
4,18840,-3.9921305,7.005443
5,18840,-5.993844,6.007649
6,18840,-8.596427,5.9356313
0,18880,7.9931273,8.006697
1,18880,3.9982626,6.990395
2,18880,1.9975963,8.009896
3,18880,7.9908543,-0.0025777016
4,18880,-3.9921305,7.005443
5,18880,-5.993844,6.007649
6,18880,-8.596434,5.935631
0,18920,7.9931273,8.006697
1,18920,3.9982626,6.990395
2,18920,1.9977365,8.009319
3,18920,7.9908543,-0.0025777016
4,18920,-3.9921305,7.005443
5,18920,-5.993844,6.007649
6,18920,-8.596439,5.9356303
0,18960,7.9931273,8.006697
1,18960,3.9982626,6.990395
2,18960,1.9977365,8.009319
3,18960,7.9908543,-0.0025777016
4,18960,-3.9921305,7.005443
5,18960,-5.993844,6.007649
6,18960,-8.596445,5.93563
0,19000,7.9931273,8.006697
1,19000,3.9982626,6.990395
2,19000,1.9977365,8.009319
3,19000,7.9908543,-0.0025777016
4,19000,-3.9921305,7.005443
5,19000,-5.993844,6.007649
6,19000,-8.596451,5.9356294
0,19040,7.9931273,8.006697
1,19040,3.9982626,6.990395
2,19040,1.9977365,8.009319
3,19040,7.9908543,-0.0025777016
4,19040,-3.9921305,7.005443
5,19040,-5.993844,6.007649
6,19040,-8.596456,5.935629
0,19080,7.9931273,8.006697
1,19080,3.9982626,6.990395
2,19080,1.9977365,8.009319
3,19080,7.9908543,-0.0025777016
4,19080,-3.9921305,7.005443
5,19080,-5.993844,6.007649
6,19080,-8.59646,5.9356284
0,19120,7.9931273,8.006697
1,19120,3.9982626,6.990395
2,19120,1.9977365,8.009319
3,19120,7.9908543,-0.0025777016
4,19120,-3.9921305,7.005443
5,19120,-5.993844,6.007649
6,19120,-8.596465,5.935628
0,19160,7.9931273,8.006697
1,19160,3.9982626,6.990395
2,19160,1.9977365,8.009319
3,19160,7.9908543,-0.0025777016
4,19160,-3.9921305,7.005443
5,19160,-5.993844,6.007649
6,19160,-8.596469,5.9356275
0,19200,7.9931273,8.006697
1,19200,3.9982626,6.990395
2,19200,1.9977365,8.009319
3,19200,7.9908543,-0.0025777016
4,19200,-3.9921305,7.005443
5,19200,-5.993844,6.007649
6,19200,-8.596469,5.9356275
0,19240,7.9931273,8.006697
1,19240,3.9982626,6.990395
2,19240,1.9977365,8.009319
3,19240,7.9908543,-0.0025777016
4,19240,-3.9921305,7.005443
5,19240,-5.993844,6.007649
6,19240,-8.596469,5.9356275
0,19280,7.9931273,8.006697
1,19280,3.9982626,6.990395
2,19280,1.9977365,8.009319
3,19280,7.9908543,-0.0025777016
4,19280,-3.9921305,7.005443
5,19280,-5.993844,6.007649
6,19280,-8.596469,5.9356275
0,19320,7.9931273,8.006697
1,19320,3.9982626,6.990395
2,19320,1.9977365,8.009319
3,19320,7.9908543,-0.0025777016
4,19320,-3.9921305,7.005443
5,19320,-5.993844,6.007649
6,19320,-8.596469,5.9356275
0,19360,7.9931273,8.006697
1,19360,3.9982626,6.990395
2,19360,1.9977365,8.009319
3,19360,7.9908543,-0.0025777016
4,19360,-3.9921305,7.005443
5,19360,-5.993844,6.007649
6,19360,-8.596469,5.9356275
0,19400,7.9931273,8.006697
1,19400,3.9982626,6.990395
2,19400,1.9977365,8.009319
3,19400,7.9908543,-0.0025777016
4,19400,-3.9921305,7.005443
5,19400,-5.993844,6.007649
6,19400,-8.596469,5.9356275
0,19440,7.9931273,8.006697
1,19440,3.9982626,6.990395
2,19440,1.9977365,8.009319
3,19440,7.9908543,-0.0025777016
4,19440,-3.9921305,7.005443
5,19440,-5.993844,6.007649
6,19440,-8.596469,5.9356275
0,19480,7.9931273,8.006697
1,19480,3.9982626,6.990395
2,19480,1.9977365,8.009319
3,19480,7.9908543,-0.0025777016
4,19480,-3.9921305,7.005443
5,19480,-5.993844,6.007649
6,19480,-8.596469,5.9356275
0,19520,7.9931273,8.006697
1,19520,3.9982626,6.990395
2,19520,1.9977365,8.009319
3,19520,7.9908543,-0.0025777016
4,19520,-3.9921305,7.005443
5,19520,-5.993844,6.007649
6,19520,-8.596469,5.9356275
0,19560,7.9931273,8.006697
1,19560,3.9982626,6.990395
2,19560,1.9977365,8.009319
3,19560,7.9908543,-0.0025777016
4,19560,-3.9921305,7.005443
5,19560,-5.993844,6.007649
6,19560,-8.596469,5.9356275
0,19600,7.9931273,8.006697
1,19600,3.9982626,6.990395
2,19600,1.9977365,8.009319
3,19600,7.9908543,-0.0025777016
4,19600,-3.9921305,7.005443
5,19600,-5.993844,6.007649
6,19600,-8.596469,5.9356275
0,19640,7.9931273,8.006697
1,19640,3.9982626,6.990395
2,19640,1.9977365,8.009319
3,19640,7.9908543,-0.0025777016
4,19640,-3.9921305,7.005443
5,19640,-5.993844,6.007649
6,19640,-8.596469,5.9356275
0,19680,7.9931273,8.006697
1,19680,3.9982626,6.990395
2,19680,1.9977365,8.009319
3,19680,7.9908543,-0.0025777016
4,19680,-3.9921305,7.005443
5,19680,-5.993844,6.007649
6,19680,-8.596469,5.9356275
0,19720,7.9931273,8.006697
1,19720,3.9982626,6.990395
2,19720,1.9977365,8.009319
3,19720,7.9908543,-0.0025777016
4,19720,-3.9921305,7.005443
5,19720,-5.993844,6.007649
6,19720,-8.596469,5.9356275
0,19760,7.9931273,8.006697
1,19760,3.9982626,6.990395
2,19760,1.9977365,8.009319
3,19760,7.9908543,-0.0025777016
4,19760,-3.9921305,7.005443
5,19760,-5.993844,6.007649
6,19760,-8.596469,5.9356275
0,19800,7.9931273,8.006697
1,19800,3.9982626,6.990395
2,19800,1.9977365,8.009319
3,19800,7.9908543,-0.0025777016
4,19800,-3.9921305,7.005443
5,19800,-5.993844,6.007649
6,19800,-8.596469,5.9356275
0,19840,7.9931273,8.006697
1,19840,3.9982626,6.990395
2,19840,1.9977365,8.009319
3,19840,7.9908543,-0.0025777016
4,19840,-3.9921305,7.005443
5,19840,-5.993844,6.007649
6,19840,-8.596469,5.9356275
0,19880,7.9931273,8.006697
1,19880,3.9982626,6.990395
2,19880,1.9977365,8.009319
3,19880,7.9908543,-0.0025777016
4,19880,-3.9921305,7.005443
5,19880,-5.993844,6.007649
6,19880,-8.596469,5.9356275
0,19920,7.9931273,8.006697
1,19920,3.9982626,6.990395
2,19920,1.9977365,8.009319
3,19920,7.9908543,-0.0025777016
4,19920,-3.9921305,7.005443
5,19920,-5.993844,6.007649
6,19920,-8.596469,5.9356275
0,19960,7.9931273,8.006697
1,19960,3.9982626,6.990395
2,19960,1.9977365,8.009319
3,19960,7.9908543,-0.0025777016
4,19960,-3.9921305,7.005443
5,19960,-5.993844,6.007649
6,19960,-8.596469,5.9356275
