0,1520,3.862213,0.23953901,-1.7963467
0,1560,3.8630462,0.23953901,-1.7707602
0,1600,3.864296,0.23953901,-1.7323805
0,1640,3.8659625,0.23953901,-1.6812077
0,1680,3.8680456,0.23953901,-1.6172416
0,1720,3.8705451,0.23953901,-1.5404823
0,1760,3.8734615,0.23953901,-1.4509298
0,1800,3.8767943,0.23953901,-1.348584
0,1840,3.8805437,0.23953901,-1.233445
0,1880,3.8847098,0.23953901,-1.1055129
0,1920,3.8892665,0.23953901,-0.965587
0,1960,3.8938231,0.23953901,-0.8256612
0,2000,3.8983798,0.23953901,-0.68573534
0,2040,3.9029365,0.23953901,-0.5458095
0,2080,3.907493,0.23953901,-0.40588367
0,2120,3.9120498,0.23953901,-0.26595783
0,2160,3.9166064,0.23953901,-0.12603201
0,2200,3.921163,0.23953901,0.013893813
0,2240,3.9257197,0.23953901,0.15381964
0,2280,3.9302764,0.23953901,0.29374546
0,2320,3.934833,0.23953901,0.4336713
0,2360,3.9393897,0.23953901,0.57359713
0,2400,3.9439464,0.23953901,0.713523
0,2440,3.948503,0.23953901,0.8534488
0,2480,3.9530597,0.23953901,0.99337465
0,2520,3.9576163,0.23953901,1.1333004
0,2560,3.962173,0.23953901,1.2732263
0,2600,3.9667296,0.23953901,1.4131521
0,2640,3.9712863,0.23953901,1.5530779
0,2680,3.975843,0.23953901,1.6930038
0,2720,3.9803996,0.23953901,1.8329296
0,2760,3.9849563,0.23953901,1.9728554
0,2800,3.989513,0.23953901,2.1127813
0,2840,3.9940696,0.23953901,2.252707
0,2880,3.9986262,0.23953901,2.3926327
0,2920,4.003183,0.23953901,2.5325584
0,2960,4.0077395,0.23953901,2.6724842
0,3000,4.012296,0.23953901,2.8124099
1,3000,4.690143,0.23953901,-1.6166301
0,3040,4.016853,0.23953901,2.9523356
1,3040,4.683345,0.23953901,-1.5919492
0,3080,4.0214095,0.23953901,3.0922613
1,3080,4.673163,0.23953901,-1.5549238
0,3120,4.025966,0.23953901,3.232187
1,3120,4.6596203,0.23953901,-1.5055474
0,3160,4.030523,0.23953901,3.3721128
1,3160,4.642756,0.23953901,-1.4438095
0,3200,4.0350795,0.23953901,3.5120385
1,3200,4.6226373,0.23953901,-1.3696922
1,3240,4.60491,0.23953901,-1.2830003
1,3280,4.5896363,0.23953901,-1.1837459
1,3320,4.576881,0.23953901,-1.0719415
1,3360,4.5667095,0.23953901,-0.94760066
1,3400,4.5591903,0.23953901,-0.81073767
1,3440,4.5523176,0.23953901,-0.6709065
1,3480,4.545445,0.23953901,-0.5310753
1,3520,4.5385723,0.23953901,-0.3912441
1,3560,4.5316997,0.23953901,-0.25141293
1,3600,4.524827,0.23953901,-0.11158173
1,3640,4.5179543,0.23953901,0.028249472
1,3680,4.5110817,0.23953901,0.16808067
1,3720,4.504209,0.23953901,0.30791187
1,3760,4.4973364,0.23953901,0.44774306
1,3800,4.4904637,0.23953901,0.58757424
1,3840,4.483591,0.23953901,0.7274054
1,3880,4.4767184,0.23953901,0.8672366
1,3920,4.469846,0.23953901,1.0070678
1,3960,4.462973,0.23953901,1.146899
1,4000,4.4561005,0.23953901,1.2867302
1,4040,4.449228,0.23953901,1.4265614
1,4080,4.442355,0.23953901,1.5663925
1,4120,4.4354825,0.23953901,1.7062237
1,4160,4.42861,0.23953901,1.8460549
1,4200,4.421737,0.23953901,1.9858861
1,4240,4.4148645,0.23953901,2.1257174
1,4280,4.407992,0.23953901,2.2655487
1,4320,4.401119,0.23953901,2.40538
1,4360,4.3942466,0.23953901,2.5452113
1,4400,4.387374,0.23953901,2.6850426
1,4440,4.3805013,0.23953901,2.824874
1,4480,4.3736286,0.23953901,2.9647052
1,4520,4.366756,0.23953901,3.1045365
1,4560,4.3598833,0.23953901,3.2443678
1,4600,4.3530107,0.23953901,3.3841991
2,5000,4.050908,0.23953901,-1.9727849
2,5040,4.04833,0.23953901,-1.947315
2,5080,4.0444627,0.23953901,-1.9091102
2,5120,4.0393066,0.23953901,-1.8581705
2,5160,4.0328617,0.23953901,-1.7944958
2,5200,4.0251274,0.23953901,-1.7180862
2,5240,4.016104,0.23953901,-1.6289418
2,5280,4.005792,0.23953901,-1.5270623
2,5320,3.994191,0.23953901,-1.4124479
2,5360,3.9813008,0.23953901,-1.2850987
2,5400,3.9672022,0.23953901,-1.1458104
2,5440,3.9531035,0.23953901,-1.006522
2,5480,3.939005,0.23953901,-0.86723375
2,5520,3.9249063,0.23953901,-0.72794545
2,5560,3.9108076,0.23953901,-0.58865714
2,5600,3.896709,0.23953901,-0.44936886
2,5640,3.8826103,0.23953901,-0.3100806
2,5680,3.8685117,0.23953901,-0.17079231
2,5720,3.854413,0.23953901,-0.031504035
2,5760,3.8403144,0.23953901,0.10778426
2,5800,3.8262157,0.23953901,0.24707253
2,5840,3.812117,0.23953901,0.38636082
2,5880,3.7980185,0.23953901,0.52564913
2,5920,3.7839198,0.23953901,0.66493744
2,5960,3.7698212,0.23953901,0.8042257
2,6000,3.7557225,0.23953901,0.943514
2,6040,3.7416239,0.23953901,1.0828023
2,6080,3.7275252,0.23953901,1.2220906
2,6120,3.7134266,0.23953901,1.3613789
2,6160,3.699328,0.23953901,1.5006672
2,6200,3.6852293,0.23953901,1.6399555
2,6240,3.6711307,0.23953901,1.7792438
2,6280,3.657032,0.23953901,1.9185321
2,6320,3.6429334,0.23953901,2.0578203
2,6360,3.6288347,0.23953901,2.1971085
2,6400,3.614736,0.23953901,2.3363967
2,6440,3.6006374,0.23953901,2.475685
2,6480,3.5865388,0.23953901,2.614973
2,6520,3.5724401,0.23953901,2.7542613
2,6560,3.5583415,0.23953901,2.8935494
2,6600,3.5442429,0.23953901,3.0328376
2,6640,3.5301442,0.23953901,3.1721258
2,6680,3.5160456,0.23953901,3.311414
2,6720,3.501947,0.23953901,3.4507022
3,7120,4.078964,0.23953901,-1.6402739
3,7160,4.078444,0.23953901,-1.6146792
3,7200,4.0776634,0.23953901,-1.5762872
3,7240,4.0766225,0.23953901,-1.5250977
3,7280,4.0753217,0.23953901,-1.461111
3,7320,4.0737605,0.23953901,-1.3843268
3,7360,4.071939,0.23953901,-1.2947453
3,7400,4.0698576,0.23953901,-1.1923665
3,7440,4.067516,0.23953901,-1.0771903
3,7480,4.064914,0.23953901,-0.9492167
3,7520,4.0620685,0.23953901,-0.80924565
3,7560,4.0592227,0.23953901,-0.66927457
3,7600,4.056377,0.23953901,-0.5293035
3,7640,4.053531,0.23953901,-0.3893324
3,7680,4.0506854,0.23953901,-0.24936134
3,7720,4.0478396,0.23953901,-0.10939027
3,7760,4.044994,0.23953901,0.030580804
3,7800,4.042148,0.23953901,0.17055187
3,7840,4.0393023,0.23953901,0.31052294
3,7880,4.0364566,0.23953901,0.45049402
3,7920,4.033611,0.23953901,0.59046507
3,7960,4.030765,0.23953901,0.73043615
3,8000,4.0279193,0.23953901,0.8704072
3,8040,4.0250735,0.23953901,1.0103784
3,8080,4.022228,0.23953901,1.1503494
3,8120,4.019382,0.23953901,1.2903204
3,8160,4.016536,0.23953901,1.4302914
3,8200,4.0136905,0.23953901,1.5702624
3,8240,4.0108447,0.23953901,1.7102334
3,8280,4.007999,0.23953901,1.8502045
3,8320,4.005153,0.23953901,1.9901755
3,8360,4.0023074,0.23953901,2.1301465
3,8400,3.9994617,0.23953901,2.2701175
3,8440,3.996616,0.23953901,2.4100885
3,8480,3.9937701,0.23953901,2.5500596
3,8520,3.9909244,0.23953901,2.6900306
3,8560,3.9880786,0.23953901,2.8300016
3,8600,3.9852328,0.23953901,2.9699726
3,8640,3.982387,0.23953901,3.1099436
3,8680,3.9795413,0.23953901,3.2499146
3,8720,3.9766955,0.23953901,3.3898857
3,8760,3.9738498,0.23953901,3.5298567
4,10520,3.7127898,0.23953901,-1.7483666
5,10520,4.7071757,0.23953901,-2.1645253
6,10520,5.667034,0.23953901,-1.6745954
4,10560,3.6120405,0.23953901,-1.7121776
5,10560,4.706346,0.23953901,-2.1719322
6,10560,5.76128,0.23953901,-1.6277407
4,10600,3.574995,0.23953901,-1.7023401
5,10600,4.702223,0.23953901,-2.137176
6,10600,5.794927,0.23953901,-1.6093919
4,10640,3.5409229,0.23953901,-1.6800528
5,10640,4.6965914,0.23953901,-2.089709
6,10640,5.8227296,0.23953901,-1.5796553
4,10680,3.509889,0.23953901,-1.6453311
5,10680,4.689452,0.23953901,-2.029531
6,10680,5.84463,0.23953901,-1.5385606
4,10720,3.481958,0.23953901,-1.5981914
5,10720,4.6812053,0.23953901,-1.9600185
6,10720,5.86057,0.23953901,-1.4861381
4,10760,3.4571953,0.23953901,-1.5386499
5,10760,4.6714506,0.23953901,-1.8777951
6,10760,5.870492,0.23953901,-1.4224187
4,10800,3.4356673,0.23953901,-1.4667239
5,10800,4.6601877,0.23953901,-1.7828609
6,10800,5.874337,0.23953901,-1.3474339
4,10840,3.4174414,0.23953901,-1.3824311
5,10840,4.647417,0.23953901,-1.6752158
6,10840,5.8720455,0.23953901,-1.2612163
4,10880,3.402586,0.23953901,-1.2857902
5,10880,4.633138,0.23953901,-1.5548599
6,10880,5.863556,0.23953901,-1.163799
4,10920,3.3911712,0.23953901,-1.1768203
5,10920,4.6173515,0.23953901,-1.4217931
6,10920,5.848807,0.23953901,-1.0552168
4,10960,3.3707433,0.23953901,-1.076939
5,10960,4.6030726,0.23953901,-1.3014371
6,10960,5.8449693,0.23953901,-0.95332646
4,11000,3.4003868,0.23953901,-0.95105386
5,11000,4.5872855,0.23953901,-1.1683704
6,11000,5.8432255,0.23953901,-0.8528967
10,11000,1.4211626,0.23953901,-2.0780838
11,11000,2.2820885,0.23953901,-1.2945327
4,11040,3.3923984,0.23953901,-0.8455406
5,11040,4.573662,0.23953901,-1.0481266
6,11040,5.8411665,0.23953901,-0.7524729
10,11040,1.3903772,0.23953901,-2.0786963
11,11040,2.2733843,0.23953901,-1.2694598
4,11080,3.3699133,0.23953901,-0.74764466
5,11080,4.5667224,0.23953901,-0.93825734
6,11080,5.8387876,0.23953901,-0.6520561
10,11080,1.352717,0.23953901,-2.071333
11,11080,2.26323,0.23953901,-1.2328179
4,11120,3.3477552,0.23953901,-0.64967424
5,11120,4.5593452,0.23953901,-0.8411806
6,11120,5.836084,0.23953901,-0.55164754
10,11120,1.3092586,0.23953901,-2.0525582
11,11120,2.2473202,0.23953901,-1.184743
4,11160,3.3311813,0.23953901,-0.54018605
5,11160,4.54918,0.23953901,-0.7316113
6,11160,5.8330503,0.23953901,-0.45124844
10,11160,1.2672265,0.23953901,-2.021063
11,11160,2.225679,0.23953901,-1.125223
4,11200,3.3202991,0.23953901,-0.41923302
5,11200,4.539578,0.23953901,-0.63482964
6,11200,5.829682,0.23953901,-0.35086
10,11200,1.2267739,0.23953901,-1.9768659
11,11200,2.198357,0.23953901,-1.0542326
4,11240,3.3152194,0.23953901,-0.28687066
5,11240,4.5305276,0.23953901,-0.5508361
6,11240,5.817995,0.23953901,-0.24074289
10,11240,1.1880347,0.23953901,-1.9210978
11,11240,2.1714327,0.23953901,-0.9704483
4,11280,3.3141181,0.23953901,-0.146875
5,11280,4.5220175,0.23953901,-0.4796311
6,11280,5.7978992,0.23953901,-0.12097548
10,11280,1.1495782,0.23953901,-1.8651342
11,11280,2.1449661,0.23953901,-0.8738722
4,11320,3.313017,0.23953901,-0.0068793297
5,11320,4.513578,0.23953901,-0.4101417
6,11320,5.7859354,0.23953901,-0.011093155
10,11320,1.1114082,0.23953901,-1.808975
11,11320,2.1190197,0.23953901,-0.7645067
4,11360,3.3119156,0.23953901,0.13311633
5,11360,4.5051384,0.23953901,-0.3406523
6,11360,5.781536,0.23953901,0.08925539
10,11360,1.0850496,0.23953901,-1.7478831
11,11360,2.093658,0.23953901,-0.64235455
4,11400,3.3108144,0.23953901,0.273112
5,11400,4.496699,0.23953901,-0.27116287
6,11400,5.77677,0.23953901,0.18958719
10,11400,1.0581019,0.23953901,-1.6740048
11,11400,2.0689478,0.23953901,-0.507419
4,11440,3.3097131,0.23953901,0.41310766
5,11440,4.4882593,0.23953901,-0.20167345
6,11440,5.771631,0.23953901,0.28990054
10,11440,1.0307502,0.23953901,-1.5873328
11,11440,2.0444012,0.23953901,-0.36958772
4,11480,3.3086119,0.23953901,0.5531033
5,11480,4.47982,0.23953901,-0.13218403
6,11480,5.7661114,0.23953901,0.3901937
10,11480,1.0034115,0.23953901,-1.49068
11,11480,2.0198545,0.23953901,-0.23175645
4,11520,3.3075106,0.23953901,0.693099
5,11520,4.4713807,0.23953901,-0.06269462
6,11520,5.7602053,0.23953901,0.49046484
10,11520,0.9763974,0.23953901,-1.3939359
11,11520,1.9953078,0.23953901,-0.09392518
4,11560,3.3064094,0.23953901,0.8330947
5,11560,4.462941,0.23953901,0.0067947954
6,11560,5.753905,0.23953901,0.59071195
10,11560,0.9497133,0.23953901,-1.2971003
11,11560,1.9707611,0.23953901,0.043906093
4,11600,3.305308,0.23953901,0.9730904
5,11600,4.454502,0.23953901,0.07628421
6,11600,5.747203,0.23953901,0.69093305
10,11600,0.92336506,0.23953901,-1.2001728
11,11600,1.9462143,0.23953901,0.18173736
4,11640,3.3042068,0.23953901,1.1130861
5,11640,4.4373455,0.23953901,0.15514645
6,11640,5.740092,0.23953901,0.79112595
10,11640,0.89735866,0.23953901,-1.103153
11,11640,1.9216676,0.23953901,0.31956863
4,11680,3.3031056,0.23953901,1.2530818
5,11680,4.411527,0.23953901,0.24343295
6,11680,5.7325635,0.23953901,0.89128834
10,11680,0.8717002,0.23953901,-1.0060406
11,11680,1.8971208,0.23953901,0.4573999
4,11720,3.3020043,0.23953901,1.3930775
5,11720,4.3796663,0.23953901,0.33869088
6,11720,5.7246094,0.23953901,0.9914178
10,11720,0.8463962,0.23953901,-0.9088352
11,11720,1.8725741,0.23953901,0.5952312
4,11760,3.300903,0.23953901,1.5330732
5,11760,4.3481927,0.23953901,0.43407735
6,11760,5.7162213,0.23953901,1.0915118
10,11760,0.8214533,0.23953901,-0.8115365
11,11760,1.8480273,0.23953901,0.73306245
4,11800,3.2998018,0.23953901,1.6730689
5,11800,4.317114,0.23953901,0.5295933
6,11800,5.70739,0.23953901,1.1915678
10,11800,0.7968782,0.23953901,-0.71414423
11,11800,1.8234806,0.23953901,0.8708937
4,11840,3.2987006,0.23953901,1.8130646
5,11840,4.286439,0.23953901,0.6252396
6,11840,5.6981053,0.23953901,1.2915827
10,11840,0.7726782,0.23953901,-0.6166581
11,11840,1.7989339,0.23953901,1.0087249
4,11880,3.2975993,0.23953901,1.9530603
5,11880,4.2561765,0.23953901,0.72101724
6,11880,5.6883583,0.23953901,1.3915536
10,11880,0.74886066,0.23953901,-0.51907784
11,11880,1.7743871,0.23953901,1.1465561
4,11920,3.296498,0.23953901,2.093056
5,11920,4.2263355,0.23953901,0.81692713
6,11920,5.6781387,0.23953901,1.4914774
10,11920,0.72543323,0.23953901,-0.42140317
11,11920,1.7498404,0.23953901,1.2843874
4,11960,3.2953968,0.23953901,2.2330515
5,11960,4.196926,0.23953901,0.9129702
6,11960,5.6674356,0.23953901,1.5913504
10,11960,0.70240384,0.23953901,-0.3236339
11,11960,1.7252936,0.23953901,1.4222186
4,12000,3.2942955,0.23953901,2.373047
5,12000,4.1679583,0.23953901,1.0091473
6,12000,5.656238,0.23953901,1.6911693
10,12000,0.67978084,0.23953901,-0.22576982
11,12000,1.7007469,0.23953901,1.5600498
14,12000,2.855262,0.23953901,-1.5646573
4,12040,3.2931943,0.23953901,2.5130427
5,12040,4.1394424,0.23953901,1.1054595
6,12040,5.644534,0.23953901,1.7909299
10,12040,0.65757287,0.23953901,-0.1278107
11,12040,1.6762002,0.23953901,1.697881
14,12040,2.841891,0.23953901,-1.5433538
4,12080,3.292093,0.23953901,2.6530383
5,12080,4.1113896,0.23953901,1.2019075
6,12080,5.6323113,0.23953901,1.8906285
10,12080,0.6357889,0.23953901,-0.02975642
11,12080,1.6516534,0.23953901,1.8357122
14,12080,2.8290203,0.23953901,-1.50926
4,12120,3.2909918,0.23953901,2.7930338
5,12120,4.0838113,0.23953901,1.2984923
6,12120,5.6195574,0.23953901,1.9902604
10,12120,0.61443835,0.23953901,0.06839313
11,12120,1.6271067,0.23953901,1.9735434
14,12120,2.8166752,0.23953901,-1.4623772
4,12160,3.2898905,0.23953901,2.9330294
5,12160,4.05672,0.23953901,1.3952148
6,12160,5.6062584,0.23953901,2.0898209
10,12160,0.5935309,0.23953901,0.16663805
11,12160,1.6025599,0.23953901,2.1113746
14,12160,2.8048818,0.23953901,-1.4027061
4,12200,3.2887893,0.23953901,3.073025
5,12200,4.0301275,0.23953901,1.4920758
6,12200,5.5924,0.23953901,2.1893053
10,12200,0.5730768,0.23953901,0.26497835
11,12200,1.5780132,0.23953901,2.2492058
14,12200,2.7935133,0.23953901,-1.3336354
4,12240,3.287688,0.23953901,3.2130206
5,12240,4.0040483,0.23953901,1.589076
6,12240,5.5779676,0.23953901,2.288708
10,12240,0.5530867,0.23953901,0.36341402
11,12240,1.5534664,0.23953901,2.387037
14,12240,2.7821448,0.23953901,-1.2645648
4,12280,3.2865868,0.23953901,3.3530161
5,12280,3.9784958,0.23953901,1.6862165
6,12280,5.5629454,0.23953901,2.3880231
10,12280,0.5335718,0.23953901,0.46194497
11,12280,1.5289197,0.23953901,2.5248682
14,12280,2.7707763,0.23953901,-1.195494
4,12320,3.2854855,0.23953901,3.4930117
5,12320,3.953485,0.23953901,1.7834977
6,12320,5.5473166,0.23953901,2.4872446
10,12320,0.5145437,0.23953901,0.5605711
11,12320,1.504373,0.23953901,2.6626995
14,12320,2.7594078,0.23953901,-1.1264234
5,12360,3.933792,0.23953901,1.892422
6,12360,5.522175,0.23953901,2.5950303
10,12360,0.49601468,0.23953901,0.6592922
11,12360,1.4798262,0.23953901,2.8005307
14,12360,2.7480392,0.23953901,-1.0573527
5,12400,3.9097683,0.23953901,1.9899516
6,12400,5.4873695,0.23953901,2.71121
10,12400,0.4779976,0.23953901,0.758108
11,12400,1.4552795,0.23953901,2.938362
14,12400,2.7366707,0.23953901,-0.988282
5,12440,3.8863375,0.23953901,2.0876255
6,12440,5.442745,0.23953901,2.8356009
10,12440,0.46050596,0.23953901,0.8570182
11,12440,1.4307327,0.23953901,3.076193
14,12440,2.7253022,0.23953901,-0.9192114
5,12480,3.8635182,0.23953901,2.185444
6,12480,5.391018,0.23953901,2.9656942
10,12480,0.44355392,0.23953901,0.95602226
14,12480,2.711855,0.23953901,-0.83751065
5,12520,3.8413303,0.23953901,2.2834077
6,12520,5.3392906,0.23953901,3.0957875
10,12520,0.42715648,0.23953901,1.0551198
12,12520,1.2691473,0.23953901,-2.1393895
13,12520,1.9822832,0.23953901,-1.2651776
14,12520,2.9074495,0.23953901,-0.6149618
5,12560,3.8197947,0.23953901,2.381517
6,12560,5.2875633,0.23953901,3.2258809
10,12560,0.4113294,0.23953901,1.1543099
12,12560,1.222328,0.23953901,-2.1610436
13,12560,1.9760704,0.23953901,-1.2365322
14,12560,2.9355228,0.23953901,-0.52777433
5,12600,3.798934,0.23953901,2.4797719
6,12600,5.235836,0.23953901,3.3559742
10,12600,0.39608932,0.23953901,1.2535919
12,12600,1.1847744,0.23953901,-2.15315
13,12600,1.9710071,0.23953901,-1.2019004
14,12600,2.9495223,0.23953901,-0.4621414
5,12640,3.7787719,0.23953901,2.5781724
6,12640,5.1841087,0.23953901,3.4860675
10,12640,0.38145387,0.23953901,1.3529649
12,12640,1.1415876,0.23953901,-2.1337628
13,12640,1.964092,0.23953901,-1.1546032
14,12640,2.9568381,0.23953901,-0.38559198
5,12680,3.7593343,0.23953901,2.6767187
6,12680,5.1323814,0.23953901,3.6161609
10,12680,0.36744174,0.23953901,1.4524276
12,12680,1.1000093,0.23953901,-2.101677
13,12680,1.9553252,0.23953901,-1.0946407
14,12680,2.9573894,0.23953901,-0.29817614
5,12720,3.7406485,0.23953901,2.7754102
6,12720,5.080654,0.23953901,3.7462544
10,12720,0.35407272,0.23953901,1.5519788
12,12720,1.0601913,0.23953901,-2.0569127
13,12720,1.9388679,0.23953901,-1.0244461
14,12720,2.9510934,0.23953901,-0.19994566
5,12760,3.7280858,0.23953901,2.8853421
10,12760,0.34738448,0.23953901,1.6624483
12,12760,1.0222504,0.23953901,-2.0005984
13,12760,1.9147515,0.23953901,-0.94399583
14,12760,2.937866,0.23953901,-0.09095441
5,12800,3.7218978,0.23953901,3.006374
10,12800,0.34758142,0.23953901,1.7837082
12,12800,0.98459345,0.23953901,-1.9440938
13,12800,1.8830885,0.23953901,-0.8532069
14,12800,2.9348533,0.23953901,0.010323152
5,12840,3.722351,0.23953901,3.1383479
10,12840,0.3548778,0.23953901,1.9156189
12,12840,0.9472239,0.23953901,-1.8873987
13,12840,1.8490676,0.23953901,-0.7586989
14,12840,2.9326053,0.23953901,0.11074292
5,12880,3.7278972,0.23953901,3.278238
10,12880,0.3674265,0.23953901,2.0550554
12,12880,0.92173445,0.23953901,-1.8259388
13,12880,1.8153664,0.23953901,-0.6640764
14,12880,2.929972,0.23953901,0.21115333
5,12920,3.7334433,0.23953901,3.4181283
10,12920,0.37997523,0.23953901,2.1944919
12,12920,0.9081403,0.23953901,-1.7597522
13,12920,1.7819906,0.23953901,-0.5693386
14,12920,2.9269464,0.23953901,0.31155267
10,12960,0.39252394,0.23953901,2.3339283
12,12960,0.9039086,0.23953901,-1.6898801
13,12960,1.7489462,0.23953901,-0.4744848
14,12960,2.9235213,0.23953901,0.4119392
10,13000,0.40507266,0.23953901,2.4733648
12,13000,0.8996769,0.23953901,-1.6200081
13,13000,1.7162391,0.23953901,-0.37951416
14,13000,2.919689,0.23953901,0.512311
10,13040,0.41762137,0.23953901,2.6128013
12,13040,0.8954452,0.23953901,-1.5501361
13,13040,1.6838756,0.23953901,-0.28442588
14,13040,2.9154413,0.23953901,0.6126661
10,13080,0.4301701,0.23953901,2.7522378
12,13080,0.89121354,0.23953901,-1.4802641
13,13080,1.651862,0.23953901,-0.1892192
14,13080,2.9107702,0.23953901,0.7130023
12,13120,0.88698184,0.23953901,-1.410392
13,13120,1.6242427,0.23953901,-0.08199042
14,13120,2.8976316,0.23953901,0.8229377
12,13160,0.88275015,0.23953901,-1.34052
13,13160,1.5928551,0.23953901,0.013424486
14,13160,2.8759115,0.23953901,0.9423702
12,13200,0.87851846,0.23953901,-1.270648
13,13200,1.5618391,0.23953901,0.10896083
14,13200,2.845492,0.23953901,1.0711921
12,13240,0.8742868,0.23953901,-1.200776
13,13240,1.5312022,0.23953901,0.20461941
14,13240,2.8090358,0.23953901,1.2063622
12,13280,0.8700551,0.23953901,-1.130904
13,13280,1.5009522,0.23953901,0.30040106
14,13280,2.7725797,0.23953901,1.3415323
12,13320,0.8658234,0.23953901,-1.0610319
13,13320,1.4710974,0.23953901,0.39630657
14,13320,2.7361236,0.23953901,1.4767025
12,13360,0.8615917,0.23953901,-0.99116
13,13360,1.441646,0.23953901,0.49233675
14,13360,2.6996675,0.23953901,1.6118726
12,13400,0.85736,0.23953901,-0.921288
13,13400,1.4126068,0.23953901,0.58849245
14,13400,2.6632113,0.23953901,1.7470427
12,13440,0.8531283,0.23953901,-0.85141605
13,13440,1.3839892,0.23953901,0.6847744
14,13440,2.6267552,0.23953901,1.8822128
12,13480,0.8488966,0.23953901,-0.7815441
13,13480,1.3558027,0.23953901,0.7811834
14,13480,2.5902991,0.23953901,2.0173829
12,13520,0.84466493,0.23953901,-0.7116721
13,13520,1.3280572,0.23953901,0.8777203
14,13520,2.553843,0.23953901,2.1525528
12,13560,0.84043324,0.23953901,-0.64180017
13,13560,1.3007631,0.23953901,0.9743858
14,13560,2.517387,0.23953901,2.2877228
12,13600,0.84308547,0.23953901,-0.5611369
13,13600,1.2739316,0.23953901,1.0711807
14,13600,2.4809308,0.23953901,2.4228928
12,13640,0.8525564,0.23953901,-0.46964103
13,13640,1.247574,0.23953901,1.1681057
14,13640,2.4444747,0.23953901,2.5580628
12,13680,0.84936,0.23953901,-0.37630737
13,13680,1.2217021,0.23953901,1.2651615
14,13680,2.4080186,0.23953901,2.6932328
12,13720,0.83349437,0.23953901,-0.28114823
13,13720,1.1963288,0.23953901,1.3623488
14,13720,2.3715625,0.23953901,2.8284028
12,13760,0.80672115,0.23953901,-0.1843372
13,13760,1.1714671,0.23953901,1.4596683
14,13760,2.3351064,0.23953901,2.9635727
12,13800,0.7803643,0.23953901,-0.08741198
13,13800,1.147131,0.23953901,1.5571204
14,13800,2.2986503,0.23953901,3.0987427
12,13840,0.754433,0.23953901,0.009627968
13,13840,1.123335,0.23953901,1.654706
14,13840,2.2621942,0.23953901,3.2339127
12,13880,0.72893685,0.23953901,0.10678316
13,13880,1.1000948,0.23953901,1.7524253
14,13880,2.225738,0.23953901,3.3690827
12,13920,0.703886,0.23953901,0.2040541
13,13920,1.0774264,0.23953901,1.850279
14,13920,2.189282,0.23953901,3.5042527
12,13960,0.6792909,0.23953901,0.30144128
13,13960,1.0603629,0.23953901,1.9596403
7,14000,4.7086606,0.23953901,-2.2411685
8,14000,3.9129932,0.23953901,-1.4990857
9,14000,3.0523417,0.23953901,-2.181996
12,14000,0.6551625,0.23953901,0.39894515
13,14000,1.0555729,0.23953901,2.0653677
15,14000,0.88593954,0.23953901,5.025199
7,14040,4.771036,0.23953901,-2.2662103
8,14040,3.9072237,0.23953901,-1.4404304
9,14040,2.9902518,0.23953901,-2.2074797
12,14040,0.63151234,0.23953901,0.49656612
13,14040,1.0383228,0.23953901,2.1681645
15,14040,0.90611273,0.23953901,5.009438
7,14080,4.8045936,0.23953901,-2.2476323
8,14080,3.9012308,0.23953901,-1.4059473
9,14080,2.9526405,0.23953901,-2.1999886
12,14080,0.6083525,0.23953901,0.59430456
13,14080,1.0085994,0.23953901,2.2680879
15,14080,0.9363475,0.23953901,4.985765
7,14120,4.842242,0.23953901,-2.2263193
8,14120,3.8970506,0.23953901,-1.3587933
9,14120,2.914538,0.23953901,-2.179707
12,14120,0.58569556,0.23953901,0.69216084
13,14120,0.96637017,0.23953901,2.3652828
15,14120,0.97659814,0.23953901,4.954122
7,14160,4.8797755,0.23953901,-2.2048054
8,14160,3.8946693,0.23953901,-1.2989662
9,14160,2.876041,0.23953901,-2.1466315
12,14160,0.5635549,0.23953901,0.7901352
13,14160,0.9115626,0.23953901,2.460106
15,14160,1.0267551,0.23953901,4.914373
7,14200,4.9171934,0.23953901,-2.183091
8,14200,3.8940501,0.23953901,-1.2264609
9,14200,2.8372984,0.23953901,-2.1007583
12,14200,0.5419444,0.23953901,0.8882279
13,14200,0.8487389,0.23953901,2.5543478
15,14200,1.0886118,0.23953901,4.869432
7,14240,4.942277,0.23953901,-2.1579564
8,14240,3.8822742,0.23953901,-1.1476818
9,14240,2.7986217,0.23953901,-2.044947
12,14240,0.5208788,0.23953901,0.986439
13,14240,0.78824043,0.23953901,2.650099
15,14240,1.1483641,0.23953901,4.8118653
7,14280,4.9655895,0.23953901,-2.120145
8,14280,3.8777351,0.23953901,-1.058345
9,14280,2.7601948,0.23953901,-1.988963
12,14280,0.50037366,0.23953901,1.0847687
13,14280,0.7301856,0.23953901,2.7473514
15,14280,1.2208549,0.23953901,4.7530465
7,14320,4.9870152,0.23953901,-2.0696735
8,14320,3.8604794,0.23953901,-0.96754986
9,14320,2.7247417,0.23953901,-1.9205294
12,14320,0.48044533,0.23953901,1.1832168
13,14320,0.67470115,0.23953901,2.8460927
15,14320,1.2859696,0.23953901,4.683767
7,14360,5.0063334,0.23953901,-2.0065768
8,14360,3.8547761,0.23953901,-0.87124336
9,14360,2.6924143,0.23953901,-1.8396832
12,14360,0.46111113,0.23953901,1.2817833
13,14360,0.62192255,0.23953901,2.9463065
15,14360,1.3635281,0.23953901,4.6174855
7,14400,5.012976,0.23953901,-1.9416957
8,14400,3.8363378,0.23953901,-0.77622247
9,14400,2.6634483,0.23953901,-1.7464863
12,14400,0.44238946,0.23953901,1.3804681
13,14400,0.5719952,0.23953901,3.0479708
15,14400,1.4536189,0.23953901,4.5538087
7,14440,5.0069385,0.23953901,-1.8750705
8,14440,3.8207462,0.23953901,-0.693681
9,14440,2.6356583,0.23953901,-1.6499622
12,14440,0.42429978,0.23953901,1.4792707
13,14440,0.53486395,0.23953901,3.149319
15,14440,1.5473014,0.23953901,4.490154
7,14480,4.990445,0.23953901,-1.8070412
8,14480,3.8080077,0.23953901,-0.62361753
9,14480,2.6081505,0.23953901,-1.5533572
12,14480,0.40686277,0.23953901,1.5781906
13,14480,0.51052916,0.23953901,3.2503653
15,14480,1.6403623,0.23953901,4.4255934
7,14520,4.973952,0.23953901,-1.7390119
8,14520,3.7955403,0.23953901,-0.55473673
9,14520,2.5809295,0.23953901,-1.4566711
12,14520,0.3901005,0.23953901,1.677227
13,14520,0.47374398,0.23953901,3.3543828
15,14520,1.745119,0.23953901,4.184066
16,14520,1.5928626,0.23953901,5.3713427
7,14560,4.9702215,0.23953901,-1.6719584
8,14560,3.7738252,0.23953901,-0.4770061
9,14560,2.5539994,0.23953901,-1.3599036
12,14560,0.3740365,0.23953901,1.7763791
15,14560,1.8148024,0.23953901,4.1299386
16,14560,1.6183497,0.23953901,5.3689423
7,14600,4.9792547,0.23953901,-1.6058677
8,14600,3.7429092,0.23953901,-0.39037678
9,14600,2.5273647,0.23953901,-1.2630544
12,14600,0.3586959,0.23953901,1.8756456
15,14600,1.8956488,0.23953901,4.069548
16,14600,1.6565661,0.23953901,5.3651986
7,14640,4.9755206,0.23953901,-1.5388627
8,14640,3.724571,0.23953901,-0.30137232
9,14640,2.508931,0.23953901,-1.1760329
12,14640,0.34984422,0.23953901,1.9859455
15,14640,1.9867363,0.23953901,4.002232
16,14640,1.6995966,0.23953901,5.360725
7,14680,4.959017,0.23953901,-1.4709803
8,14680,3.7188115,0.23953901,-0.20999825
9,14680,2.4827926,0.23953901,-1.0790485
12,14680,0.34771675,0.23953901,2.1071367
15,14680,2.066308,0.23953901,3.940504
16,14680,1.7426007,0.23953901,5.3560038
7,14720,4.955282,0.23953901,-1.4039855
8,14720,3.7256255,0.23953901,-0.116226986
9,14720,2.4569635,0.23953901,-0.98198134
12,14720,0.35256168,0.23953901,2.2390623
15,14720,2.1342664,0.23953901,3.8841584
16,14720,1.7855767,0.23953901,5.3510346
7,14760,4.964318,0.23953901,-1.3378639
8,14760,3.744997,0.23953901,-0.01997564
9,14760,2.4314487,0.23953901,-0.8848311
12,14760,0.36268917,0.23953901,2.3786955
15,14760,2.1904852,0.23953901,3.8329144
16,14760,1.8285234,0.23953901,5.3458176
7,14800,4.98191,0.23953901,-1.2722795
8,14800,3.7768865,0.23953901,0.07894774
9,14800,2.406253,0.23953901,-0.7875975
12,14800,0.37281665,0.23953901,2.5183287
15,14800,2.2347157,0.23953901,3.7861557
16,14800,1.8714391,0.23953901,5.340352
7,14840,4.9991817,0.23953901,-1.2066097
8,14840,3.8211775,0.23953901,0.18104026
9,14840,2.3813825,0.23953901,-0.6902803
12,14840,0.38294414,0.23953901,2.6579618
15,14840,2.2793927,0.23953901,3.726605
16,14840,1.9143224,0.23953901,5.3346376
7,14880,5.0161285,0.23953901,-1.1408556
8,14880,3.8673005,0.23953901,0.28448606
9,14880,2.356842,0.23953901,-0.59287935
15,14880,2.324337,0.23953901,3.654257
16,14880,1.9571718,0.23953901,5.3286743
7,14920,5.0327477,0.23953901,-1.0750177
8,14920,3.9120812,0.23953901,0.38851994
9,14920,2.3326378,0.23953901,-0.49539432
15,14920,2.369268,0.23953901,3.569109
16,14920,1.9999858,0.23953901,5.3224616
7,14960,5.049036,0.23953901,-1.0090972
8,14960,3.955488,0.23953901,0.49313462
9,14960,2.3087754,0.23953901,-0.397825
15,14960,2.4138532,0.23953901,3.4791014
16,14960,2.0427628,0.23953901,5.3159995
7,15000,5.06499,0.23953901,-0.943095
8,15000,3.9974875,0.23953901,0.59832215
9,15000,2.2852612,0.23953901,-0.30017123
15,15000,2.45811,0.23953901,3.388932
16,15000,2.0853832,0.23953901,5.2967386
7,15040,5.080606,0.23953901,-0.8770121
8,15040,4.038046,0.23953901,0.7040737
9,15040,2.2621014,0.23953901,-0.20243275
15,15040,2.5020323,0.23953901,3.2985992
16,15040,2.127737,0.23953901,5.2646804
7,15080,5.0958805,0.23953901,-0.81084937
8,15080,4.0771275,0.23953901,0.8103798
9,15080,2.2393026,0.23953901,-0.10460944
15,15080,2.5456133,0.23953901,3.2081013
16,15080,2.1696591,0.23953901,5.2198296
7,15120,5.1108103,0.23953901,-0.744608
8,15120,4.114696,0.23953901,0.91722995
9,15120,2.2168717,0.23953901,-0.006701134
15,15120,2.5888462,0.23953901,3.1174364
16,15120,2.2110138,0.23953901,5.165972
7,15160,5.1253915,0.23953901,-0.678289
8,15160,4.150714,0.23953901,1.0246128
9,15160,2.1948156,0.23953901,0.09129231
15,15160,2.6317236,0.23953901,3.026603
16,15160,2.252107,0.23953901,5.111915
7,15200,5.1396203,0.23953901,-0.61189353
8,15200,4.185142,0.23953901,1.1325159
9,15200,2.1731417,0.23953901,0.18937099
15,15200,2.6742382,0.23953901,2.935599
16,15200,2.2929354,0.23953901,5.0576577
7,15240,5.1534934,0.23953901,-0.5454228
8,15240,4.2179394,0.23953901,1.2409258
9,15240,2.1518576,0.23953901,0.28753498
15,15240,2.7163823,0.23953901,2.844423
16,15240,2.3334959,0.23953901,5.0032
7,15280,5.1670065,0.23953901,-0.47887796
8,15280,4.2490644,0.23953901,1.3498276
9,15280,2.1309712,0.23953901,0.38578436
15,15280,2.7581477,0.23953901,2.753073
16,15280,2.373785,0.23953901,4.948541
7,15320,5.1801558,0.23953901,-0.4122603
8,15320,4.2784734,0.23953901,1.4592054
9,15320,2.1104906,0.23953901,0.48411915
15,15320,2.7995262,0.23953901,2.661547
16,15320,2.4137995,0.23953901,4.8936806
7,15360,5.1929374,0.23953901,-0.3455711
8,15360,4.306121,0.23953901,1.5690416
9,15360,2.0904243,0.23953901,0.5825393
15,15360,2.8405087,0.23953901,2.569843
16,15360,2.4535358,0.23953901,4.8386183
7,15400,5.205347,0.23953901,-0.27881175
8,15400,4.3319597,0.23953901,1.6793172
9,15400,2.0707815,0.23953901,0.6810449
15,15400,2.8810863,0.23953901,2.4779592
16,15400,2.4929903,0.23953901,4.783354
7,15440,5.217381,0.23953901,-0.21198364
8,15440,4.355942,0.23953901,1.7900115
9,15440,2.0515711,0.23953901,0.77963567
15,15440,2.9212496,0.23953901,2.3858933
16,15440,2.5321593,0.23953901,4.7278867
7,15480,5.229035,0.23953901,-0.1450882
8,15480,4.378016,0.23953901,1.9011021
9,15480,2.0328028,0.23953901,0.8783116
15,15480,2.9609885,0.23953901,2.2936437
16,15480,2.5710392,0.23953901,4.6722164
7,15520,5.240305,0.23953901,-0.07812696
8,15520,4.3981295,0.23953901,2.0125642
9,15520,2.0144868,0.23953901,0.9770724
15,15520,3.0002925,0.23953901,2.2012079
16,15520,2.6096263,0.23953901,4.616343
7,15560,5.2511864,0.23953901,-0.011101484
8,15560,4.4162273,0.23953901,2.1243713
9,15560,1.9966335,0.23953901,1.075918
15,15560,3.039151,0.23953901,2.108584
16,15560,2.6479166,0.23953901,4.5602655
7,15600,5.2616744,0.23953901,0.05598662
8,15600,4.432253,0.23953901,2.2364943
9,15600,1.979254,0.23953901,1.174848
15,15600,3.077552,0.23953901,2.0157695
16,15600,2.6859062,0.23953901,4.503984
7,15640,5.271765,0.23953901,0.123135656
8,15640,4.446146,0.23953901,2.3489013
9,15640,1.9623597,0.23953901,1.2738619
15,15640,3.115484,0.23953901,1.9227623
16,15640,2.7235913,0.23953901,4.4474983
7,15680,5.281454,0.23953901,0.19034389
8,15680,4.457845,0.23953901,2.4615579
9,15680,1.9459627,0.23953901,1.3729594
15,15680,3.1497388,0.23953901,1.8174946
16,15680,2.758114,0.23953901,4.378609
7,15720,5.2907357,0.23953901,0.2576095
8,15720,4.4672856,0.23953901,2.5744262
9,15720,1.9300756,0.23953901,1.47214
15,15720,3.1801395,0.23953901,1.700021
16,15720,2.7892914,0.23953901,4.297365
7,15760,5.299606,0.23953901,0.3249306
8,15760,4.4743996,0.23953901,2.687465
9,15760,1.9147118,0.23953901,1.5714029
15,15760,3.2065017,0.23953901,1.5704012
16,15760,2.8168402,0.23953901,4.203846
7,15800,5.3080597,0.23953901,0.39230528
8,15800,4.479117,0.23953901,2.8006291
9,15800,1.8998852,0.23953901,1.6707475
15,15800,3.2299185,0.23953901,1.4323734
16,15800,2.843038,0.23953901,4.106878
7,15840,5.3081236,0.23953901,0.46934655
8,15840,4.481364,0.23953901,2.9138691
9,15840,1.8856105,0.23953901,1.770173
15,15840,3.2533352,0.23953901,1.2943456
16,15840,2.868889,0.23953901,4.0098166
7,15880,5.2996345,0.23953901,0.555911
8,15880,4.4810634,0.23953901,3.027131
9,15880,1.8719031,0.23953901,1.8696781
15,15880,3.276752,0.23953901,1.1563178
16,15880,2.894387,0.23953901,3.912662
7,15920,5.2823453,0.23953901,0.6517704
8,15920,4.478135,0.23953901,3.1403556
9,15920,1.8587794,0.23953901,1.969262
15,15920,3.3001688,0.23953901,1.01829
16,15920,2.9195251,0.23953901,3.8154137
7,15960,5.2621517,0.23953901,0.7501645
8,15960,4.4724946,0.23953901,3.2534773
9,15960,1.8462567,0.23953901,2.0689232
15,15960,3.3235855,0.23953901,0.8802623
16,15960,2.9442968,0.23953901,3.7180712
7,16000,5.241552,0.23953901,0.8484743
8,16000,4.4640536,0.23953901,3.3664248
9,16000,1.8343534,0.23953901,2.1686604
15,16000,3.3470023,0.23953901,0.7422346
16,16000,2.9686947,0.23953901,3.6206346
7,16040,5.2205377,0.23953901,0.9466964
8,16040,4.4527197,0.23953901,3.4791186
9,16040,1.8230889,0.23953901,2.2684717
15,16040,3.370419,0.23953901,0.60420686
16,16040,2.9927115,0.23953901,3.5231032
7,16080,5.199101,0.23953901,1.0448272
8,16080,4.438396,0.23953901,3.5914717
9,16080,1.8124837,0.23953901,2.3683553
15,16080,3.3938358,0.23953901,0.46617913
16,16080,3.0163398,0.23953901,3.425477
7,16120,5.177233,0.23953901,1.1428629
8,16120,4.4209814,0.23953901,3.7033873
9,16120,1.8025597,0.23953901,2.4683087
15,16120,3.4172525,0.23953901,0.3281514
16,16120,3.0395715,0.23953901,3.3277557
7,16160,5.154926,0.23953901,1.2407994
8,16160,4.4003687,0.23953901,3.8147583
9,16160,1.7933406,0.23953901,2.5683296
15,16160,3.4406693,0.23953901,0.19012366
16,16160,3.0573227,0.23953901,3.218467
7,16200,5.1321697,0.23953901,1.3386327
8,16200,4.3764462,0.23953901,3.9254656
9,16200,1.7848512,0.23953901,2.668415
15,16200,3.464086,0.23953901,0.05209592
16,16200,3.0694609,0.23953901,3.0976746
7,16240,5.1089554,0.23953901,1.4363582
8,16240,4.3490973,0.23953901,4.0353765
9,16240,1.7771184,0.23953901,2.7685618
15,16240,3.4875028,0.23953901,-0.08593182
16,16240,3.075849,0.23953901,2.9654465
7,16280,5.0852723,0.23953901,1.5339712
8,16280,4.318198,0.23953901,4.1443424
9,16280,1.770171,0.23953901,2.8687663
16,16280,3.078218,0.23953901,2.8254666
7,16320,5.0611105,0.23953901,1.6314669
9,16320,1.7706329,0.23953901,2.9794083
16,16320,3.080587,0.23953901,2.6854868
7,16360,5.036459,0.23953901,1.7288399
9,16360,1.7787442,0.23953901,3.100313
16,16360,3.0829558,0.23953901,2.545507
7,16400,5.011307,0.23953901,1.8260846
9,16400,1.7947592,0.23953901,3.231286
16,16400,3.0853248,0.23953901,2.405527
7,16440,4.9856415,0.23953901,1.9231952
9,16440,1.816814,0.23953901,3.3695378
16,16440,3.0876937,0.23953901,2.2655473
7,16480,4.9594507,0.23953901,2.0201654
9,16480,1.8388687,0.23953901,3.5077896
16,16480,3.0900626,0.23953901,2.1255674
7,16520,4.922897,0.23953901,2.1246493
16,16520,3.0924315,0.23953901,1.9855875
7,16560,4.8758645,0.23953901,2.236484
16,16560,3.0948005,0.23953901,1.8456075
7,16600,4.8182344,0.23953901,2.3554974
16,16600,3.0971694,0.23953901,1.7056276
7,16640,4.7530866,0.23953901,2.4794157
16,16640,3.0995383,0.23953901,1.5656476
7,16680,4.6879387,0.23953901,2.603334
16,16680,3.1019073,0.23953901,1.4256676
7,16720,4.622791,0.23953901,2.7272522
16,16720,3.1042762,0.23953901,1.2856877
7,16760,4.557643,0.23953901,2.8511705
16,16760,3.106645,0.23953901,1.1457077
7,16800,4.492495,0.23953901,2.9750888
16,16800,3.109014,0.23953901,1.0057278
7,16840,4.427347,0.23953901,3.0990071
16,16840,3.111383,0.23953901,0.8657478
7,16880,4.3621993,0.23953901,3.2229254
16,16880,3.113752,0.23953901,0.72576785
7,16920,4.2970514,0.23953901,3.3468437
16,16920,3.1161208,0.23953901,0.5857879
7,16960,4.2319036,0.23953901,3.470762
16,16960,3.1184897,0.23953901,0.44580793
7,17000,4.1667557,0.23953901,3.5946803
16,17000,3.1208587,0.23953901,0.30582798
58,17520,4.61354,0.23953901,-1.8884339
58,17560,4.609043,0.23953901,-1.863232
58,17600,4.6022973,0.23953901,-1.8254292
58,17640,4.593303,0.23953901,-1.7750254
58,17680,4.5820603,0.23953901,-1.7120206
58,17720,4.5685687,0.23953901,-1.636415
58,17760,4.552829,0.23953901,-1.5482084
58,17800,4.53484,0.23953901,-1.4474008
58,17840,4.514603,0.23953901,-1.3339922
58,17880,4.4921174,0.23953901,-1.2079828
58,17920,4.4675236,0.23953901,-1.0701599
58,17960,4.4429297,0.23953901,-0.93233705
58,18000,4.428343,0.23953901,-0.7884316
59,18000,3.968276,0.23953901,-1.8963782
58,18040,4.4082193,0.23953901,-0.67581534
59,18040,3.9639196,0.23953901,-1.8711516
58,18080,4.3857393,0.23953901,-0.55061793
59,18080,3.9573915,0.23953901,-1.8333106
58,18120,4.360901,0.23953901,-0.41283968
59,18120,3.9486914,0.23953901,-1.7828552
58,18160,4.3360624,0.23953901,-0.2750607
59,18160,3.9378195,0.23953901,-1.7197853
58,18200,4.311224,0.23953901,-0.13728176
59,18200,3.931569,0.23953901,-1.644779
58,18240,4.2863855,0.23953901,4.9719214E-4
59,18240,3.9299014,0.23953901,-1.557821
58,18280,4.261547,0.23953901,0.13827614
59,18280,3.9326658,0.23953901,-1.458855
58,18320,4.2367086,0.23953901,0.2760551
59,18320,3.9356673,0.23953901,-1.358455
58,18360,4.21187,0.23953901,0.41383404
59,18360,3.9383643,0.23953901,-1.2580463
58,18400,4.1870317,0.23953901,0.551613
59,18400,3.933354,0.23953901,-1.147418
58,18440,4.1621933,0.23953901,0.6893919
59,18440,3.9205499,0.23953901,-1.0266361
58,18480,4.137355,0.23953901,0.82717085
59,18480,3.8998637,0.23953901,-0.8957688
58,18520,4.1125164,0.23953901,0.9649498
59,18520,3.8738482,0.23953901,-0.7582072
58,18560,4.0876775,0.23953901,1.1027287
59,18560,3.8478327,0.23953901,-0.62064564
58,18600,4.0628386,0.23953901,1.2405077
59,18600,3.8218172,0.23953901,-0.48308402
58,18640,4.038,0.23953901,1.3782867
59,18640,3.7958016,0.23953901,-0.3455224
58,18680,4.013161,0.23953901,1.5160657
59,18680,3.7697861,0.23953901,-0.2079608
58,18720,3.9883225,0.23953901,1.6538447
59,18720,3.7437706,0.23953901,-0.07039921
58,18760,3.9634838,0.23953901,1.7916237
59,18760,3.717755,0.23953901,0.06716238
58,18800,3.9386451,0.23953901,1.9294027
59,18800,3.6917396,0.23953901,0.20472398
58,18840,3.9138064,0.23953901,2.0671816
59,18840,3.665724,0.23953901,0.34228557
58,18880,3.8889678,0.23953901,2.2049606
59,18880,3.6397085,0.23953901,0.4798472
58,18920,3.864129,0.23953901,2.3427396
59,18920,3.613693,0.23953901,0.6174088
58,18960,3.8392904,0.23953901,2.4805186
59,18960,3.5876775,0.23953901,0.75497043
58,19000,3.8144517,0.23953901,2.6182976
59,19000,3.561662,0.23953901,0.89253205
60,19000,4.490784,0.23953901,-2.1236343
58,19040,3.789613,0.23953901,2.7560766
59,19040,3.5356464,0.23953901,1.0300937
60,19040,4.4805765,0.23953901,-2.1001575
58,19080,3.7647743,0.23953901,2.8938556
59,19080,3.509631,0.23953901,1.1676552
60,19080,4.465278,0.23953901,-2.0649364
58,19120,3.7399356,0.23953901,3.0316346
59,19120,3.4836154,0.23953901,1.3052168
60,19120,4.444909,0.23953901,-2.0179627
58,19160,3.715097,0.23953901,3.1694136
59,19160,3.4575999,0.23953901,1.4427783
60,19160,4.4195027,0.23953901,-1.9592217
58,19200,3.6902583,0.23953901,3.3071926
59,19200,3.4315844,0.23953901,1.5803399
60,19200,4.3891163,0.23953901,-1.8886893
58,19240,3.6654196,0.23953901,3.4449716
59,19240,3.4055688,0.23953901,1.7179015
60,19240,4.353857,0.23953901,-1.8063205
59,19280,3.3795533,0.23953901,1.855463
60,19280,4.314702,0.23953901,-1.7138214
59,19320,3.3535378,0.23953901,1.9930246
60,19320,4.275811,0.23953901,-1.621211
59,19360,3.3275223,0.23953901,2.1305861
60,19360,4.2403955,0.23953901,-1.5162814
59,19400,3.3015068,0.23953901,2.2681477
60,19400,4.208553,0.23953901,-1.3990605
59,19440,3.2754912,0.23953901,2.4057093
60,19440,4.180383,0.23953901,-1.269578
59,19480,3.2494757,0.23953901,2.5432708
60,19480,4.154729,0.23953901,-1.1319486
59,19520,3.2234602,0.23953901,2.6808324
60,19520,4.1290746,0.23953901,-0.99431914
59,19560,3.1974447,0.23953901,2.818394
60,19560,4.1034203,0.23953901,-0.8566897
59,19600,3.1714292,0.23953901,2.9559555
60,19600,4.077766,0.23953901,-0.7190603
59,19640,3.1454136,0.23953901,3.093517
60,19640,4.0521116,0.23953901,-0.58143085
59,19680,3.1193984,0.23953901,3.2310786
60,19680,4.0264573,0.23953901,-0.44380143
59,19720,3.0933828,0.23953901,3.3686402
60,19720,4.000803,0.23953901,-0.306172
60,19760,3.9751487,0.23953901,-0.1685426
60,19800,3.9494944,0.23953901,-0.03091316
60,19840,3.92384,0.23953901,0.106716275
60,19880,3.8981857,0.23953901,0.24434571
60,19920,3.8725314,0.23953901,0.38197514
60,19960,3.846877,0.23953901,0.51960456
60,20000,3.8212228,0.23953901,0.657234
60,20040,3.7955685,0.23953901,0.79486346
60,20080,3.7699142,0.23953901,0.9324929
60,20120,3.74426,0.23953901,1.0701224
60,20160,3.718606,0.23953901,1.2077518
60,20200,3.6929517,0.23953901,1.3453811
60,20240,3.6672974,0.23953901,1.4830105
60,20280,3.6416433,0.23953901,1.6206399
60,20320,3.6159892,0.23953901,1.7582693
60,20360,3.590335,0.23953901,1.8958987
60,20400,3.5646808,0.23953901,2.033528
60,20440,3.5390267,0.23953901,2.1711576
60,20480,3.5133724,0.23953901,2.308787
60,20520,3.487718,0.23953901,2.4464166
60,20560,3.4620638,0.23953901,2.5840461
60,20600,3.4364097,0.23953901,2.7216756
60,20640,3.4107556,0.23953901,2.8593051
60,20680,3.3851013,0.23953901,2.9969347
60,20720,3.359447,0.23953901,3.1345642
60,20760,3.333793,0.23953901,3.2721937
60,20800,3.3081388,0.23953901,3.4098232
61,21520,3.4838128,0.23953901,-2.0753086
62,21520,4.6653357,0.23953901,-1.9086984
61,21560,3.458885,0.23953901,-2.069573
62,21560,4.6767225,0.23953901,-1.8938293
61,21600,3.4336326,0.23953901,-2.0510414
62,21600,4.6848125,0.23953901,-1.866592
61,21640,3.4081066,0.23953901,-2.0197127
62,21640,4.6895814,0.23953901,-1.8269932
61,21680,3.3823664,0.23953901,-1.9755858
62,21680,4.691004,0.23953901,-1.7750396
61,21720,3.356485,0.23953901,-1.9186597
62,21720,4.689055,0.23953901,-1.7107378
61,21760,3.3305569,0.23953901,-1.8489336
62,21760,4.683709,0.23953901,-1.6340951
61,21800,3.3047187,0.23953901,-1.7664078
62,21800,4.6749406,0.23953901,-1.5451185
61,21840,3.2792222,0.23953901,-1.6710867
62,21840,4.6627226,0.23953901,-1.4438154
61,21880,3.2540574,0.23953901,-1.5738451
62,21880,4.647028,0.23953901,-1.3301935
61,21920,3.2291772,0.23953901,-1.4765304
62,21920,4.6278286,0.23953901,-1.2042608
61,21960,3.204586,0.23953901,-1.3791423
62,21960,4.6051207,0.23953901,-1.0661147
61,22000,3.1802883,0.23953901,-1.2816805
62,22000,4.5824127,0.23953901,-0.9279685
61,22040,3.1562884,0.23953901,-1.1841449
62,22040,4.559705,0.23953901,-0.78982234
61,22080,3.132591,0.23953901,-1.0865353
62,22080,4.536997,0.23953901,-0.6516762
61,22120,3.1092007,0.23953901,-0.9888518
62,22120,4.514289,0.23953901,-0.51353
61,22160,3.0861228,0.23953901,-0.89109397
62,22160,4.491581,0.23953901,-0.37538385
61,22200,3.063362,0.23953901,-0.7932618
62,22200,4.468873,0.23953901,-0.2372377
61,22240,3.0409236,0.23953901,-0.6953552
62,22240,4.446165,0.23953901,-0.09909156
61,22280,3.0188131,0.23953901,-0.59737396
62,22280,4.423457,0.23953901,0.039054587
61,22320,2.9970362,0.23953901,-0.49931812
62,22320,4.4007497,0.23953901,0.17720073
61,22360,2.9755986,0.23953901,-0.40118754
62,22360,4.3780417,0.23953901,0.3153469
61,22400,2.9545062,0.23953901,-0.30298218
62,22400,4.3553343,0.23953901,0.45349306
61,22440,2.9337652,0.23953901,-0.204702
62,22440,4.3326263,0.23953901,0.5916392
61,22480,2.9133818,0.23953901,-0.106347
62,22480,4.309919,0.23953901,0.7297854
61,22520,2.893363,0.23953901,-0.007917188
62,22520,4.287211,0.23953901,0.86793154
61,22560,2.8737154,0.23953901,0.09058739
62,22560,4.2645035,0.23953901,1.0060776
61,22600,2.8544462,0.23953901,0.18916668
62,22600,4.2417955,0.23953901,1.1442238
61,22640,2.8355625,0.23953901,0.28782058
62,22640,4.219088,0.23953901,1.28237
61,22680,2.8170722,0.23953901,0.38654894
62,22680,4.19638,0.23953901,1.4205161
61,22720,2.798983,0.23953901,0.48535162
62,22720,4.1736727,0.23953901,1.5586623
61,22760,2.7813034,0.23953901,0.5842284
62,22760,4.1509647,0.23953901,1.6968085
61,22800,2.764042,0.23953901,0.683179
62,22800,4.1282573,0.23953901,1.8349546
61,22840,2.7472074,0.23953901,0.78220314
62,22840,4.1055493,0.23953901,1.9731008
61,22880,2.7308092,0.23953901,0.88130045
62,22880,4.082842,0.23953901,2.1112468
61,22920,2.714857,0.23953901,0.98047054
62,22920,4.060134,0.23953901,2.249393
61,22960,2.699361,0.23953901,1.079713
62,22960,4.0374265,0.23953901,2.3875391
61,23000,2.684332,0.23953901,1.1790272
62,23000,4.0147185,0.23953901,2.5256853
61,23040,2.6697805,0.23953901,1.2784125
62,23040,3.9920108,0.23953901,2.6638315
61,23080,2.6557183,0.23953901,1.3778682
62,23080,3.9693031,0.23953901,2.8019776
61,23120,2.6421578,0.23953901,1.4773935
62,23120,3.9465954,0.23953901,2.9401238
61,23160,2.6291115,0.23953901,1.5769876
62,23160,3.9238877,0.23953901,3.07827
61,23200,2.616593,0.23953901,1.6766493
62,23200,3.90118,0.23953901,3.2164161
61,23240,2.604616,0.23953901,1.7763777
62,23240,3.8784723,0.23953901,3.3545623
61,23280,2.5931954,0.23953901,1.8761712
62,23280,3.8557646,0.23953901,3.4927084
61,23320,2.588641,0.23953901,1.9867675
61,23360,2.591125,0.23953901,2.1080546
61,23400,2.600828,0.23953901,2.239912
61,23440,2.6157432,0.23953901,2.3791153
61,23480,2.6306584,0.23953901,2.5183187
61,23520,2.6455736,0.23953901,2.657522
61,23560,2.6604888,0.23953901,2.7967253
61,23600,2.675404,0.23953901,2.9359286
61,23640,2.690319,0.23953901,3.075132
61,23680,2.7052343,0.23953901,3.2143352
61,23720,2.7201493,0.23953901,3.3535385
61,23760,2.7350645,0.23953901,3.4927418
17,28000,6.295143,0.23953901,-1.4130294
17,28040,6.286942,0.23953901,-1.3887786
17,28080,6.2746406,0.23953901,-1.3524023
17,28120,6.2582383,0.23953901,-1.3039007
17,28160,6.2377357,0.23953901,-1.2432737
17,28200,6.2131324,0.23953901,-1.1705213
17,28240,6.1844287,0.23953901,-1.0856434
17,28280,6.151624,0.23953901,-0.9886402
17,28320,6.1147194,0.23953901,-0.87951154
17,28360,6.073714,0.23953901,-0.7582575
17,28400,6.028864,0.23953901,-0.62563586
17,28440,5.984014,0.23953901,-0.49301422
17,28480,5.939164,0.23953901,-0.36039257
17,28520,5.8943143,0.23953901,-0.22777095
17,28560,5.8494644,0.23953901,-0.09514932
17,28600,5.8046145,0.23953901,0.037472308
17,28640,5.7597647,0.23953901,0.17009394
17,28680,5.714915,0.23953901,0.30271557
17,28720,5.670065,0.23953901,0.4353372
17,28760,5.625215,0.23953901,0.56795883
17,28800,5.580365,0.23953901,0.7005805
17,28840,5.5355153,0.23953901,0.8332021
17,28880,5.4906654,0.23953901,0.96582377
17,28920,5.4458156,0.23953901,1.0984454
17,28960,5.4009657,0.23953901,1.2310671
17,29000,5.356116,0.23953901,1.3636887
17,29040,5.311266,0.23953901,1.4963104
17,29080,5.266416,0.23953901,1.628932
17,29120,5.221566,0.23953901,1.7615536
17,29160,5.1767163,0.23953901,1.8941753
17,29200,5.1318665,0.23953901,2.0267968
17,29240,5.0870166,0.23953901,2.1594183
17,29280,5.0421667,0.23953901,2.2920399
17,29320,4.997317,0.23953901,2.4246614
17,29360,4.952467,0.23953901,2.557283
17,29400,4.907617,0.23953901,2.6899045
17,29440,4.862767,0.23953901,2.822526
17,29480,4.8179173,0.23953901,2.9551477
17,29520,4.7730675,0.23953901,3.0877695
17,29560,4.7282176,0.23953901,3.2203913
17,29600,4.6833677,0.23953901,3.353013
17,29640,4.638518,0.23953901,3.4856348
17,29680,4.593668,0.23953901,3.6182566
19,30520,6.8092666,0.23953901,-1.3842336
19,30560,6.8020005,0.23953901,-1.3596864
19,30600,6.791102,0.23953901,-1.3228655
19,30640,6.7765703,0.23953901,-1.273771
19,30680,6.7584057,0.23953901,-1.2124029
19,30720,6.736608,0.23953901,-1.1387613
19,30760,6.7111773,0.23953901,-1.052846
19,30800,6.6821136,0.23953901,-0.954657
19,30840,6.6494174,0.23953901,-0.8441945
19,30880,6.613088,0.23953901,-0.7214583
19,30920,6.573353,0.23953901,-0.5872156
19,30960,6.5336175,0.23953901,-0.4529729
18,31000,6.2032566,0.23953901,-1.2650043
19,31000,6.5627804,0.23953901,-0.12384623
18,31040,6.1962614,0.23953901,-1.240381
19,31040,6.536424,0.23953901,-0.010174982
18,31080,6.18584,0.23953901,-1.2034248
19,31080,6.501897,0.23953901,0.113348804
18,31120,6.171993,0.23953901,-1.1541356
19,31120,6.459118,0.23953901,0.24665284
18,31160,6.15472,0.23953901,-1.0925133
19,31160,6.416339,0.23953901,0.37995687
18,31200,6.1408267,0.23953901,-1.0185453
19,31200,6.37356,0.23953901,0.5132609
18,31240,6.130272,0.23953901,-0.93222016
19,31240,6.330781,0.23953901,0.64656496
18,31280,6.122893,0.23953901,-0.8334953
19,31280,6.288002,0.23953901,0.779869
18,31320,6.1155906,0.23953901,-0.7333162
19,31320,6.245223,0.23953901,0.9131731
18,31360,6.1079707,0.23953901,-0.6331607
19,31360,6.202444,0.23953901,1.0464771
18,31400,6.1000285,0.23953901,-0.5330303
19,31400,6.159665,0.23953901,1.1797811
18,31440,6.091759,0.23953901,-0.43292633
19,31440,6.116886,0.23953901,1.3130851
18,31480,6.0831575,0.23953901,-0.3328504
19,31480,6.074107,0.23953901,1.4463891
18,31520,6.074218,0.23953901,-0.23280406
19,31520,6.031328,0.23953901,1.5796931
18,31560,6.064935,0.23953901,-0.13278899
19,31560,5.988549,0.23953901,1.7129971
18,31600,6.055304,0.23953901,-0.03280689
19,31600,5.9457703,0.23953901,1.8463011
18,31640,6.045318,0.23953901,0.06714043
19,31640,5.9029913,0.23953901,1.9796051
18,31680,6.0349717,0.23953901,0.16705108
19,31680,5.8602123,0.23953901,2.112909
18,31720,6.0242586,0.23953901,0.26692307
19,31720,5.8174334,0.23953901,2.2462132
18,31760,6.0045285,0.23953901,0.37587997
19,31760,5.7746544,0.23953901,2.3795173
18,31800,5.975688,0.23953901,0.493828
19,31800,5.7318754,0.23953901,2.5128214
18,31840,5.9376416,0.23953901,0.62066925
19,31840,5.6890965,0.23953901,2.6461256
18,31880,5.893297,0.23953901,0.7534607
19,31880,5.6463175,0.23953901,2.7794297
18,31920,5.848953,0.23953901,0.88625216
19,31920,5.6035385,0.23953901,2.9127338
18,31960,5.8046083,0.23953901,1.0190437
19,31960,5.5607595,0.23953901,3.046038
18,32000,5.760264,0.23953901,1.1518352
19,32000,5.5179806,0.23953901,3.179342
18,32040,5.7159195,0.23953901,1.2846267
19,32040,5.4752016,0.23953901,3.3126462
18,32080,5.671575,0.23953901,1.4174182
19,32080,5.4324226,0.23953901,3.4459503
18,32120,5.6272306,0.23953901,1.5502098
19,32120,5.3896437,0.23953901,3.5792544
18,32160,5.582886,0.23953901,1.6830013
19,32160,5.3468647,0.23953901,3.7125585
18,32200,5.538542,0.23953901,1.8157928
18,32240,5.4941974,0.23953901,1.9485843
18,32280,5.449853,0.23953901,2.0813758
18,32320,5.4055085,0.23953901,2.2141674
18,32360,5.361164,0.23953901,2.3469589
18,32400,5.3168197,0.23953901,2.4797504
18,32440,5.2724752,0.23953901,2.612542
18,32480,5.228131,0.23953901,2.7453334
18,32520,5.1837864,0.23953901,2.878125
18,32560,5.139442,0.23953901,3.0109165
18,32600,5.0950975,0.23953901,3.143708
18,32640,5.050753,0.23953901,3.2764995
18,32680,5.0064087,0.23953901,3.409291
18,32720,4.9620643,0.23953901,3.5420825
18,32760,4.91772,0.23953901,3.674874
20,36000,6.827853,0.23953901,-1.2749412
21,36000,5.69076,0.23953901,-0.90981597
20,36040,6.848391,0.23953901,-1.2596775
21,36040,5.6839943,0.23953901,-0.88514173
20,36080,6.878903,0.23953901,-1.2363917
21,36080,5.6739836,0.23953901,-0.84808564
20,36120,6.913083,0.23953901,-1.2098708
21,36120,5.6607285,0.23953901,-0.7986476
20,36160,6.947109,0.23953901,-1.1831527
21,36160,5.6442294,0.23953901,-0.7368274
20,36200,6.98098,0.23953901,-1.1562378
21,36200,5.624487,0.23953901,-0.6626249
20,36240,7.00215,0.23953901,-1.1277312
21,36240,5.601502,0.23953901,-0.57603997
20,36280,7.0106163,0.23953901,-1.0976589
21,36280,5.575275,0.23953901,-0.47707245
20,36320,7.019484,0.23953901,-1.0547929
21,36320,5.5458064,0.23953901,-0.36572218
20,36360,7.0176125,0.23953901,-1.0049621
21,36360,5.513097,0.23953901,-0.24198899
20,36400,7.0049686,0.23953901,-0.9482177
21,36400,5.4773455,0.23953901,-0.1066308
20,36440,6.981518,0.23953901,-0.8846143
21,36440,5.441594,0.23953901,0.028727382
20,36480,6.947256,0.23953901,-0.8141581
21,36480,5.405843,0.23953901,0.16408557
20,36520,7.0533943,0.23953901,-0.5450214
21,36520,5.3700914,0.23953901,0.29944375
27,36520,6.409339,0.23953901,-1.5527159
20,36560,7.037888,0.23953901,-0.48279804
21,36560,5.33434,0.23953901,0.43480194
27,36560,6.3945994,0.23953901,-1.5416453
20,36600,7.0107884,0.23953901,-0.41514882
21,36600,5.2985888,0.23953901,0.57016015
27,36600,6.3732104,0.23953901,-1.5196375
20,36640,6.9720917,0.23953901,-0.34208295
21,36640,5.2628374,0.23953901,0.70551836
27,36640,6.36203,0.23953901,-1.4899076
20,36680,6.92182,0.23953901,-0.26355156
21,36680,5.227086,0.23953901,0.8408766
27,36680,6.3574467,0.23953901,-1.455209
20,36720,6.864166,0.23953901,-0.18130104
21,36720,5.1913347,0.23953901,0.9762348
27,36720,6.3528633,0.23953901,-1.4205104
20,36760,6.8067875,0.23953901,-0.09885774
21,36760,5.1555834,0.23953901,1.111593
27,36760,6.34828,0.23953901,-1.3858118
20,36800,6.74969,0.23953901,-0.016219467
21,36800,5.119832,0.23953901,1.2469512
27,36800,6.3529778,0.23953901,-1.3422983
20,36840,6.692879,0.23953901,0.06661602
21,36840,5.0840807,0.23953901,1.3823094
27,36840,6.366928,0.23953901,-1.2899399
20,36880,6.6363606,0.23953901,0.14965102
21,36880,5.0483294,0.23953901,1.5176677
27,36880,6.370518,0.23953901,-1.2300647
20,36920,6.5801396,0.23953901,0.2328879
21,36920,5.012578,0.23953901,1.6530259
27,36920,6.36371,0.23953901,-1.1627254
20,36960,6.5242224,0.23953901,0.31632906
21,36960,4.9768267,0.23953901,1.7883841
27,36960,6.35409,0.23953901,-1.0933896
20,37000,6.4686146,0.23953901,0.399977
21,37000,4.9410753,0.23953901,1.9237423
27,37000,6.3444705,0.23953901,-1.0240538
20,37040,6.413323,0.23953901,0.48383427
21,37040,4.905324,0.23953901,2.0591004
27,37040,6.334851,0.23953901,-0.954718
20,37080,6.358354,0.23953901,0.56790346
21,37080,4.8695726,0.23953901,2.1944585
27,37080,6.325231,0.23953901,-0.8853822
20,37120,6.303715,0.23953901,0.6521873
21,37120,4.8338213,0.23953901,2.3298166
27,37120,6.3216405,0.23953901,-0.8047552
20,37160,6.249413,0.23953901,0.7366885
21,37160,4.79807,0.23953901,2.4651747
27,37160,6.324024,0.23953901,-0.7128082
20,37200,6.195455,0.23953901,0.82140994
21,37200,4.7623186,0.23953901,2.6005328
27,37200,6.330535,0.23953901,-0.6125745
20,37240,6.141849,0.23953901,0.90635455
21,37240,4.7265673,0.23953901,2.7358909
27,37240,6.336716,0.23953901,-0.51232
20,37280,6.088603,0.23953901,0.9915253
21,37280,4.690816,0.23953901,2.871249
27,37280,6.3425627,0.23953901,-0.41204536
20,37320,6.0357256,0.23953901,1.0769253
21,37320,4.6550646,0.23953901,3.006607
27,37320,6.3480687,0.23953901,-0.31175148
20,37360,5.9832253,0.23953901,1.1625577
21,37360,4.6193132,0.23953901,3.1419652
27,37360,6.353229,0.23953901,-0.21143919
20,37400,5.9311113,0.23953901,1.2484258
21,37400,4.583562,0.23953901,3.2773232
27,37400,6.3580375,0.23953901,-0.11110941
20,37440,5.8793936,0.23953901,1.3345331
21,37440,4.5478106,0.23953901,3.4126813
27,37440,6.362488,0.23953901,-0.010763124
20,37480,5.8280816,0.23953901,1.4208829
21,37480,4.512059,0.23953901,3.5480394
27,37480,6.366574,0.23953901,0.08959866
20,37520,5.778575,0.23953901,1.5199049
27,37520,6.3702893,0.23953901,0.18997484
20,37560,5.731044,0.23953901,1.6315734
27,37560,6.373627,0.23953901,0.2903643
20,37600,5.685665,0.23953901,1.7558596
27,37600,6.3765807,0.23953901,0.3907658
20,37640,5.6419024,0.23953901,1.888844
27,37640,6.3791428,0.23953901,0.49117804
20,37680,5.59814,0.23953901,2.0218284
27,37680,6.3813057,0.23953901,0.5915997
20,37720,5.554377,0.23953901,2.1548128
27,37720,6.383062,0.23953901,0.6920293
20,37760,5.5106144,0.23953901,2.2877972
27,37760,6.384403,0.23953901,0.79246527
20,37800,5.4668517,0.23953901,2.4207816
27,37800,6.385321,0.23953901,0.892906
20,37840,5.423089,0.23953901,2.553766
27,37840,6.3858075,0.23953901,0.99334973
20,37880,5.3793263,0.23953901,2.6867504
27,37880,6.385853,0.23953901,1.0937946
20,37920,5.335564,0.23953901,2.8197348
27,37920,6.3854475,0.23953901,1.1942387
20,37960,5.2918015,0.23953901,2.9527192
27,37960,6.384582,0.23953901,1.2946799
20,38000,5.2480392,0.23953901,3.0857036
27,38000,6.383246,0.23953901,1.395116
20,38040,5.2042766,0.23953901,3.218688
27,38040,6.3814282,0.23953901,1.4955444
20,38080,5.160514,0.23953901,3.3516724
27,38080,6.379118,0.23953901,1.5959628
20,38120,5.1167517,0.23953901,3.4846568
27,38120,6.3763037,0.23953901,1.6963682
20,38160,5.0729895,0.23953901,3.6176412
27,38160,6.3729725,0.23953901,1.7967579
27,38200,6.361278,0.23953901,1.9068373
27,38240,6.341078,0.23953901,2.026482
27,38280,6.312225,0.23953901,2.1555593
27,38320,6.277231,0.23953901,2.2911153
27,38360,6.2422376,0.23953901,2.4266713
27,38400,6.207244,0.23953901,2.5622272
27,38440,6.1722503,0.23953901,2.6977835
27,38480,6.1372566,0.23953901,2.8333397
27,38520,6.102263,0.23953901,2.968896
27,38560,6.0672693,0.23953901,3.1044521
27,38600,6.0322757,0.23953901,3.2400084
27,38640,5.997282,0.23953901,3.3755646
27,38680,5.9622884,0.23953901,3.5111208
27,38720,5.9272947,0.23953901,3.646677
